id,year,rank,school,games,wins,losses,win_percentage,conference_wins,conference_losses,home_wins,home_losses,away_wins,away_losses,offensive_rating,defensive_rating,net_rating,field_goals,field_goal_attempts,field_goal_percentage,3_pointers,3_pointer_attempts,3_pointer_percentage,effective_field_goal_percentage,free_throws,free_throw_attempts,free_throw_percentage,offensive_rebounds,total_rebounds,assists,steals,blocks,turnovers,personal_fouls,points,opponent_points,simple_rating
1,2021,1,Villanova,38,30,8,0.789,16,4,12,1,8,5,112.4,98.3,14.1,24.3,56.1,0.432,9.3,26,0.359,0.515,13.9,16.7,0.83,10.3,34.8,11.9,6,2.2,9.9,14.9,71.7,62.7,19.31
2,2021,2,Providence,33,27,6,0.818,14,3,16,1,7,2,106.4,98.5,7.9,24.5,56.3,0.435,7.4,21.4,0.344,0.5,15.2,20.8,0.728,10.5,37.6,13.2,5,3.7,11.4,16,71.5,66.2,13.08
3,2021,3,UConn,33,23,10,0.697,13,6,14,2,5,5,109.9,95.9,14,26.7,61.2,0.435,7.4,21.1,0.352,0.496,14.1,18.7,0.753,13.8,40.4,14,5.9,6.4,11.8,16.8,74.8,65.3,16.4
4,2021,4,Creighton,35,23,12,0.657,12,7,11,4,6,5,100.5,96.4,4.1,25.6,57.2,0.448,6.7,21.8,0.308,0.506,11.3,15.3,0.738,9.6,38.1,13.3,5.5,4.3,14.1,13.6,69.2,66.4,11.34
5,2021,5,Marquette,32,19,13,0.594,11,8,13,3,4,7,102.7,99.3,3.3,26.9,59.8,0.45,8.6,25,0.344,0.521,11.6,15.7,0.741,7.8,34.8,16,7.8,5.2,12.4,17.4,74,71.6,11.36
6,2021,6,Seton Hall,32,21,11,0.656,11,8,13,3,6,5,104.3,96.3,8,25.3,60.2,0.42,7.3,21.6,0.338,0.481,14.1,18.8,0.753,12.1,38.5,10.3,7.1,5.4,12.1,15.6,71.9,66.4,12.75
7,2021,7,St. John's (NY),32,17,15,0.531,8,11,12,7,4,7,106.4,99.2,7.3,30.3,66.8,0.453,7.3,21.6,0.335,0.508,11.8,17.4,0.677,12,37.8,18.8,8.8,5.5,11.9,17.9,79.6,74.2,11.95
8,2021,8,Xavier,36,23,13,0.639,8,11,16,5,4,6,105.8,98.8,7,26.5,58.7,0.451,6.7,20.9,0.322,0.509,14.4,20.7,0.698,10.3,37.1,14.8,7.5,4.3,11.7,15.4,74.1,69.2,13.23
9,2021,9,Butler,33,14,19,0.424,6,14,9,7,3,8,97.2,101.9,-4.7,22.7,54.5,0.416,6.9,22.8,0.305,0.48,11.5,16.5,0.696,9,32.8,11,5.2,2.4,12,16.7,63.8,66.9,4.45
10,2021,10,DePaul,31,15,16,0.484,6,14,11,7,4,8,103.7,102.2,1.6,26.3,60.7,0.433,6.6,20.8,0.317,0.488,14.1,20.3,0.693,11.8,38.5,11.4,6.2,5,12.3,15.7,73.3,72.2,7.83
11,2021,11,Georgetown,31,6,25,0.194,0,19,6,11,0,11,99.5,108.4,-8.9,24.8,62.1,0.4,7.6,22.4,0.342,0.462,13.4,18,0.744,12.7,37.3,11.8,7.2,3.8,13.4,16.2,70.7,77,1.71
12,2020,1,Creighton,31,22,9,0.71,14,6,11,3,7,4,108.3,97.3,11,28.3,60.1,0.472,9.5,26.2,0.361,0.55,9.9,15.4,0.64,8.4,35.7,15.6,7,3.3,11,15.4,76,68.2,16.28
13,2020,2,UConn,23,15,8,0.652,11,6,7,3,6,3,107.8,97,10.8,26.2,60.3,0.434,6.7,20.1,0.335,0.49,12.7,17.5,0.722,13.5,38.2,12.9,6.2,5.3,11.7,18.8,71.7,64.6,15.77
14,2020,3,Villanova,25,18,7,0.72,11,4,9,0,4,4,113.3,100.8,12.5,26.2,57.8,0.453,9.2,25.9,0.353,0.532,13.2,17.4,0.763,9.3,33.9,15,5.1,1.9,9.1,15.5,74.8,66.5,17.47
15,2020,4,Seton Hall,27,14,13,0.519,10,9,7,4,6,7,103.7,101.4,2.3,24.9,56.5,0.441,6.7,20.8,0.321,0.5,14.7,20.1,0.732,10.2,34.9,12.9,6.3,4.4,13,16.4,71.3,69.7,11.12
16,2020,5,St. John's (NY),27,16,11,0.593,10,9,11,3,4,6,105.1,102.2,3,28.9,64.6,0.447,7.4,21.5,0.345,0.504,13.9,18.5,0.749,11.2,36,16.3,9.1,3.9,12.6,18.3,79,76.7,9.41
17,2020,6,Providence,26,13,13,0.5,9,10,8,3,4,7,101.9,101.8,0.2,25.3,58.8,0.43,6.3,19.7,0.32,0.483,13,18.6,0.7,10.6,35.7,13.5,5.7,3,11.8,17,69.8,69.7,8.94
18,2020,7,Butler,25,10,15,0.4,8,12,8,4,1,9,96.2,104,-7.8,22.9,55.7,0.411,7.2,22.2,0.323,0.475,10.6,16.4,0.646,9.2,32.3,12.3,5.6,2,11.4,16.2,63.5,68.7,4.76
19,2020,8,Marquette,27,13,14,0.481,8,11,7,7,6,6,101.6,101.7,-0.1,24.5,55,0.445,6.6,20.6,0.323,0.506,14.1,19.3,0.735,9.6,36.3,12.3,5.1,3.7,14.4,17.2,69.7,69.8,8.51
20,2020,9,Georgetown,26,13,13,0.5,7,9,7,6,2,6,101,101.3,-0.3,24.8,58.5,0.423,8.3,22.8,0.365,0.494,13.6,18,0.753,11.5,39.8,12.8,5.9,3.9,15.2,15.9,71.4,71.7,10.13
21,2020,10,Xavier,21,13,8,0.619,6,7,11,2,2,5,106.3,99.8,6.6,28,61.2,0.458,7.7,23.7,0.325,0.521,11,15.9,0.694,9.5,37.7,17.6,6.9,4,11.2,15.5,74.8,70.2,11.09
22,2020,11,DePaul,19,5,14,0.263,2,13,2,8,2,5,91.9,100.5,-8.6,25.3,60.7,0.417,5.4,17.2,0.315,0.461,9.7,14.4,0.678,12.1,37.7,11.4,6.8,3.9,15.8,19.7,65.8,71.9,2.67
23,2019,1,Creighton,31,24,7,0.774,13,5,17,1,6,5,111.5,99.3,12.2,27.9,59.3,0.471,9.7,25.3,0.386,0.553,12.7,17.2,0.739,7.9,34.8,15.8,6.5,2.5,10.9,15.2,78.3,69.7,17.24
24,2019,2,Seton Hall,30,21,9,0.7,13,5,11,4,8,4,105.3,95.7,9.6,26.1,58.5,0.446,7.9,23.7,0.335,0.514,14.6,20.4,0.715,10.3,37.1,14.6,7,5.8,13.3,18.6,74.7,67.9,16.75
25,2019,3,Villanova,31,24,7,0.774,13,5,12,3,9,3,107.8,97.8,10,25.7,58.3,0.441,9.9,27.5,0.359,0.526,11.9,15.6,0.759,8.7,35.9,14.5,5.6,2.6,10.8,15.2,73.2,66.4,16.84
26,2019,4,Providence,31,19,12,0.613,12,6,13,3,5,6,102.3,94.7,7.5,24.6,59.7,0.413,7.3,21.9,0.332,0.473,14.9,21.4,0.694,13.1,37.8,14.4,8.3,3.3,13.5,18.7,71.4,66.2,13.45
27,2019,5,Butler,31,22,9,0.71,10,8,14,3,5,6,105.7,95.8,9.9,25,54.4,0.46,6.8,20,0.341,0.523,11.6,16,0.728,9,34.8,12.7,5.3,2.6,11.3,16.7,68.5,62.1,15.56
28,2019,6,Marquette,30,18,12,0.6,8,10,13,3,3,8,107.2,98.7,8.5,25.3,58.8,0.43,10,26.2,0.382,0.516,17.1,23.1,0.743,10.6,39.8,13.5,5.1,4.2,13.7,19.1,77.8,71.6,15.44
29,2019,7,Xavier,32,19,13,0.594,8,10,12,5,5,6,100.2,95.8,4.4,26,59.8,0.436,6.5,20.8,0.312,0.49,12.1,18.4,0.658,11.9,38.8,14.4,6.3,3.6,13.9,16.7,70.7,67.6,12.57
30,2019,8,Georgetown,32,15,17,0.469,5,13,10,8,4,7,104.3,103.2,1.1,26.3,60,0.437,6.4,18.6,0.346,0.491,15.7,20.4,0.771,11.7,38.2,15,6.3,4.1,13.5,16,74.7,73.9,10.38
31,2019,9,St. John's (NY),32,17,15,0.531,5,13,13,6,1,8,100.5,96.4,4.1,27,66.1,0.409,6.6,20.7,0.321,0.459,13.9,19.8,0.703,12.4,38.4,14.7,10,4,11.2,18.8,74.6,71.6,10.71
32,2019,10,DePaul,32,16,16,0.5,3,15,11,7,4,9,97.8,98.3,-0.5,26,59.6,0.437,5.7,18.1,0.313,0.484,13,19.8,0.658,11.6,37.2,13.6,8,5,14.7,19.1,70.7,71.1,7.63
33,2018,1,Villanova,36,26,10,0.722,13,5,13,2,5,6,112.2,102.5,9.7,24.6,56.1,0.438,10.6,30,0.352,0.532,14.1,19.3,0.728,10.2,34.8,14,5.4,2.9,10.8,16.1,73.7,67.4,14.33
34,2018,2,Marquette,34,24,10,0.706,12,6,16,3,6,4,108.2,97.3,10.9,26.3,57.9,0.454,9.4,24.2,0.388,0.535,15.4,20.4,0.757,9.7,38,13.4,4.9,4.3,13.7,18.7,77.3,69.5,14.78
35,2018,3,Creighton,35,20,15,0.571,9,9,13,6,4,8,109.4,102.7,6.7,28,58.4,0.479,10.6,27.5,0.387,0.57,11.3,16.6,0.679,8.2,34.2,16,6.8,2.6,13.3,16.6,77.9,73.2,12
36,2018,4,Georgetown,33,19,14,0.576,9,9,13,6,5,6,105.8,103.8,2,27.1,61.1,0.443,8.2,22.9,0.355,0.51,17.2,23.4,0.737,10.6,39.4,16.4,6,4,13.4,17.6,79.5,78.1,6.8
37,2018,5,Seton Hall,34,20,14,0.588,9,9,11,4,3,8,104,101.4,2.7,26.1,59.4,0.439,7.1,21.8,0.324,0.499,14.5,20.5,0.706,10.6,35.7,13.5,6.9,3.9,12.4,18.8,73.8,71.9,10.25
38,2018,6,Xavier,35,19,16,0.543,9,9,13,5,4,8,107,104.8,2.3,26.3,56.5,0.466,7,21.1,0.331,0.528,12.5,18.4,0.679,10.6,36.6,14.8,5.4,3.7,12.9,15.7,72.2,70.6,9.61
39,2018,7,St. John's (NY),34,21,13,0.618,8,10,11,4,4,7,105,101.8,3.2,27.8,61.8,0.45,8.5,23.8,0.357,0.518,13.1,18.2,0.719,7.8,32.9,13.9,8.9,3.3,10.5,19.1,77.1,74.8,7.88
40,2018,8,Butler,33,16,17,0.485,7,11,12,4,2,10,106.4,104.8,1.7,26.1,58.6,0.445,8.8,25.1,0.353,0.521,10.9,14.8,0.738,8.7,32.1,13.2,5.8,1.9,10.9,18,71.9,70.8,9.22
41,2018,9,DePaul,36,19,17,0.528,7,11,16,7,3,9,108.6,105.9,2.7,28,59.5,0.471,6.7,19.5,0.343,0.527,15.6,21.5,0.727,11,37.4,14.3,6.3,3.3,13.6,17.5,78.4,76.4,6
42,2018,10,Providence,34,18,16,0.529,7,11,11,7,5,6,101.9,99.6,2.3,24.6,58,0.423,6.6,20.3,0.326,0.48,15.7,22.7,0.691,11.7,36.5,14.4,7.4,4,13.1,17.6,71.4,69.8,8.29
43,2017,1,Xavier,35,29,6,0.829,15,3,17,1,9,2,115.5,102.3,13.2,28.9,58.7,0.492,7.8,21,0.372,0.559,18.8,24.1,0.779,9.9,38.3,16.5,5.9,3.1,12.6,17.2,84.4,74.7,19.06
44,2017,2,Villanova,40,36,4,0.9,14,4,12,1,9,3,122.3,99.2,23.2,30.5,61,0.5,11.6,29,0.401,0.595,14,18,0.779,9.6,35.9,16.4,6.5,4.1,10.7,16.1,86.6,70.2,26.64
45,2017,3,Creighton,33,21,12,0.636,10,8,16,2,4,7,113.8,100.9,12.9,30.5,62.1,0.492,10.4,28,0.372,0.575,12,16.1,0.748,7.5,36.5,17.8,5.7,2.7,11.2,15.2,83.5,74.1,16.35
46,2017,4,Providence,35,21,14,0.6,10,8,13,4,4,7,104.1,102.8,1.3,25.7,58.2,0.441,6.4,19.2,0.332,0.496,15.8,22.5,0.704,10.5,35.6,13.9,6.8,3.7,12.3,17.8,73.6,72.7,11.12
47,2017,5,Seton Hall,34,22,12,0.647,10,8,14,3,5,6,111,103.2,7.8,28.6,61,0.468,7.4,20.1,0.365,0.529,15,21.4,0.698,12.2,38.3,15.5,6.2,3.4,12.7,18.1,79.4,73.9,15.67
48,2017,6,Butler,35,21,14,0.6,9,9,14,3,3,7,111,102.1,9,29.1,61.6,0.473,8.2,23,0.357,0.54,12.5,16.1,0.776,9.3,34.2,14,6.6,2.9,11.2,18.3,78.9,72.6,16.92
49,2017,7,Marquette,35,21,14,0.6,9,9,13,7,5,5,114.3,110.4,3.9,28.3,59.5,0.475,11,26.4,0.417,0.568,13.8,17.1,0.805,9,31.8,15.7,6.1,3.7,12.3,19.4,81.3,78.5,12.5
50,2017,8,Georgetown,30,15,15,0.5,5,13,11,8,4,6,106.2,103.7,2.5,26.7,58.8,0.454,7.5,20.6,0.366,0.518,17.5,22.5,0.775,10.9,38.4,17.4,5.5,3.7,15.3,17.7,78.3,76.5,7.16
51,2017,9,DePaul,31,11,20,0.355,4,14,6,10,4,7,100.6,103.3,-2.7,26.4,61.7,0.428,6.3,20.2,0.31,0.479,12.8,18.1,0.708,12.4,37.4,15,6.5,3,13.9,17.8,71.9,73.8,6.55
52,2017,10,St. John's (NY),33,16,17,0.485,4,14,9,7,2,7,100.9,100.3,0.6,26.3,60.6,0.434,7,21.4,0.329,0.492,13.5,18.2,0.741,8.7,33.6,12.8,8.5,5.2,11.9,18.6,73.1,72.6,10.29
53,2016,1,Villanova,36,32,4,0.889,15,3,14,1,9,2,117.6,95.5,22.1,26.8,54.1,0.495,8.6,23.4,0.369,0.575,14.9,18.9,0.79,8.8,33.6,14,7.2,3,11.2,14.3,77.2,62.7,23.8
54,2016,2,Butler,34,25,9,0.735,12,6,13,3,7,4,112.6,101.6,11,26.6,55.8,0.477,7.7,21,0.366,0.546,15.4,20.7,0.741,8.4,32.1,13.3,6.1,2.8,10.2,18.8,76.3,68.9,17.7
55,2016,3,Creighton,35,25,10,0.714,10,8,13,4,7,4,112.3,100,12.4,30.8,61.1,0.504,8.7,21.9,0.397,0.576,11.5,16.9,0.682,8.3,34.9,17.1,6.1,2.9,12.4,16.6,81.8,72.8,17.27
56,2016,4,Marquette,32,19,13,0.594,10,8,14,3,4,6,115.2,105.9,9.3,28.7,59,0.487,10.5,24.5,0.429,0.576,14.3,18.3,0.781,8.8,33.1,16.4,7.2,3.6,12.4,19.4,82.2,75.6,15.26
57,2016,5,Providence,33,20,13,0.606,10,8,15,3,4,7,103.6,98.6,5,24.4,54.4,0.448,7.2,19.5,0.371,0.514,14.3,20.7,0.691,8.9,33.4,14.3,6.6,3,12.5,17.2,70.3,66.9,11.24
58,2016,6,Seton Hall,33,21,12,0.636,10,8,12,2,4,6,104.9,100.8,4.1,26.4,59.1,0.447,6.1,18.1,0.338,0.499,14.3,22.2,0.643,13.3,39.7,12.3,6.9,2.5,13.6,18.6,73.2,70.4,12.1
59,2016,7,Xavier,38,24,14,0.632,9,9,12,4,4,8,109.1,104.2,4.8,25.8,56.5,0.457,7,20.4,0.345,0.519,16,23.2,0.688,11.9,37.3,14.7,6,2.6,12.6,18.7,74.6,71.3,14.8
60,2016,8,St. John's (NY),33,14,19,0.424,7,11,9,5,4,9,103.9,106.5,-2.6,26.2,60.6,0.433,8.4,23.1,0.364,0.503,15.9,21.9,0.724,10.2,34.4,13.5,6.8,6,13.1,20.8,76.8,78.7,6.45
61,2016,9,Georgetown,32,14,18,0.438,5,13,9,8,3,7,104.7,102,2.7,25.3,54.8,0.461,6.4,18.4,0.349,0.52,17.1,23.3,0.733,9.5,35.7,15,5.5,4.6,14.2,21,74,72.2,11.18
62,2016,10,DePaul,32,9,23,0.281,2,16,8,10,1,9,99.5,107.8,-8.2,24.2,56.4,0.43,5.8,17.6,0.326,0.481,14.8,20.1,0.735,10.6,33,11.4,6.7,2.9,14.1,19.8,68.9,74.6,2.09
63,2015,1,Villanova,40,35,5,0.875,16,2,15,1,10,2,115.5,94.2,21.3,27.2,56.2,0.483,8.7,24,0.362,0.561,15,19.2,0.782,8.8,34.6,15.9,7.1,3.4,11,17,78,63.6,24.08
64,2015,2,Xavier,34,28,6,0.824,14,4,15,1,8,3,111.2,97.1,14,27.3,60.4,0.452,7.5,20.6,0.363,0.514,18.4,25.2,0.73,12.8,40.8,16.1,7.2,3,12.6,19.9,80.5,70.4,18.58
65,2015,3,Seton Hall,34,25,9,0.735,12,6,13,3,7,4,104.5,95.5,9,26.2,58.8,0.446,6.1,17.5,0.347,0.498,15.6,23.8,0.658,12.9,39.9,13.4,7.4,4.6,13.8,18.7,74.2,67.8,14.66
66,2015,4,Butler,33,22,11,0.667,10,8,13,3,5,5,114,101.3,12.7,27.8,59.7,0.466,7.2,18.2,0.393,0.526,17.2,23.5,0.731,11.1,36,14.2,6.9,3.2,10.2,19.6,79.9,71,16.46
67,2015,5,Providence,35,24,11,0.686,10,8,13,4,7,4,104.4,99.4,4.9,25.2,59.8,0.421,7.1,22.2,0.321,0.48,16.2,22.3,0.725,11.5,36.1,15.7,6.5,3.5,11.3,16.9,73.6,70.1,11.94
68,2015,6,Creighton,35,20,15,0.571,9,9,14,5,4,9,110.5,100.4,10.1,28,59.5,0.47,8.1,23,0.352,0.538,15.6,22.3,0.7,9.5,37.1,15.3,6,3.1,11.6,18.9,79.6,72.4,13.69
69,2015,7,Marquette,33,20,13,0.606,8,10,12,7,5,5,103.8,101,2.8,26.8,57.2,0.468,5.9,17.3,0.339,0.52,16.8,23.2,0.726,9.4,35.7,16.2,7.8,4.2,14.7,18.8,76.3,74.2,7.66
70,2015,8,Georgetown,33,15,18,0.455,7,11,9,8,4,8,105.3,102.7,2.6,24.8,56.3,0.441,7.9,23.3,0.339,0.512,16,21.3,0.751,9.6,35.8,14.9,5.5,4.4,13.4,22.9,73.6,71.8,10.31
71,2015,9,DePaul,31,9,22,0.29,3,15,5,9,3,10,98.2,109.1,-10.9,24.3,54.5,0.445,5.4,15.8,0.343,0.494,13.5,19.9,0.68,10.2,34.2,11.8,4.8,3.1,14.8,22.2,67.5,75,0.83
72,2015,10,St. John's (NY),32,8,24,0.25,1,17,6,10,0,10,92.7,105.4,-12.7,23.7,58.3,0.406,6.4,19.8,0.325,0.461,14.2,22.3,0.636,10.8,35.7,12.9,6.3,5.5,15.3,21.3,67.9,77.3,-1.9
73,2014,1,Villanova,36,33,3,0.917,16,2,15,0,9,2,116.9,93.1,23.8,25.4,54.2,0.47,9.1,23.3,0.389,0.553,16.6,22.6,0.731,10.3,34.3,15.8,7.7,4.1,10.6,16.6,76.5,60.9,23.13
74,2014,2,Butler,34,23,11,0.676,12,6,13,3,7,4,105.9,93.5,12.3,23.9,55.4,0.433,5.6,15.9,0.356,0.484,15.5,22.6,0.686,12,36.4,11.4,6.4,3,11.1,17.4,69,61,16.64
75,2014,3,Georgetown,33,22,11,0.667,12,6,13,3,5,4,108.1,99.5,8.6,24.2,53.1,0.456,6.1,17.2,0.353,0.513,16.4,23.3,0.704,11.1,34.9,12.9,7.6,4.7,12.6,20.2,70.9,65.2,15.48
76,2014,4,Providence,34,22,12,0.647,11,7,13,4,5,6,105.4,99,6.4,24.4,55.6,0.438,5,16.1,0.313,0.484,16,22.6,0.707,12.1,36.1,13.9,7.1,4.6,12,18.5,69.7,65.5,13.71
77,2014,5,St. John's (NY),33,21,12,0.636,10,8,15,3,5,6,104.6,100,4.6,25.3,57.3,0.442,6,17.2,0.348,0.494,14.4,20.8,0.691,10.2,35.3,12.4,7.5,6.4,10.7,17.8,71,67.9,11.85
78,2014,6,Xavier,37,23,14,0.622,9,9,13,3,5,7,109.8,100.9,8.9,25.8,54.4,0.475,6.3,18,0.351,0.534,15.3,20.9,0.73,9.8,34.6,16.1,6,2.9,12.1,17.9,73.3,67.4,15.42
79,2014,7,DePaul,32,12,20,0.375,6,12,9,7,3,9,102.7,108.9,-6.2,23.7,54.3,0.435,7.8,22,0.352,0.507,14.3,19.8,0.721,9.1,30.3,12.3,6.6,3.8,13.4,21.2,69.4,73.6,3.3
80,2014,8,Seton Hall,31,16,15,0.516,6,12,10,5,3,9,102.7,102.1,0.6,23.7,56.3,0.421,6.9,19.6,0.35,0.482,14.1,21.4,0.657,12.6,36.2,12.4,6,4.1,12.4,19.2,68.4,68,7.95
81,2014,9,Creighton,33,14,19,0.424,4,14,9,8,3,9,104.8,104.1,0.7,22.6,53.8,0.42,7.9,23,0.345,0.494,14.2,19.5,0.725,10.5,34.5,13.6,4.5,2.3,11.8,17.9,67.3,66.9,7.48
82,2014,10,Marquette,32,13,19,0.406,4,14,9,8,1,9,99.9,102.9,-3,23.2,53.1,0.437,6.5,18.8,0.344,0.498,12.3,19,0.645,9.6,31.3,15,7.5,3.5,12.6,15.8,65.1,67,7.08
83,2013,1,Villanova,34,29,5,0.853,16,2,15,1,10,2,113.3,96.6,16.7,25.6,56.1,0.456,8.9,25.1,0.356,0.536,17.9,24.9,0.716,11.1,37.1,15.4,6.9,4.1,11.9,19.8,78,66.5,18.97
84,2013,2,Creighton,35,27,8,0.771,14,4,16,0,7,4,120.6,104,16.6,27.3,55.1,0.497,10.2,24.5,0.414,0.589,13.9,18.7,0.743,8.4,34.1,17.5,4,1.4,9.8,17.7,78.7,67.9,18.03
85,2013,3,Providence,35,23,12,0.657,10,8,13,3,5,6,109.1,103.9,5.2,24.3,56.7,0.428,6.2,17.9,0.347,0.483,18.6,23.7,0.782,12.3,36.5,13.6,5.5,4.9,11.6,17.2,73.3,69.8,11.37
86,2013,4,St. John's (NY),33,20,13,0.606,10,8,14,5,4,5,106.1,98.7,7.5,26.3,59,0.445,5,14.2,0.349,0.487,15.3,21.9,0.699,11.3,36.8,13.2,6.8,7.5,10.7,18.9,72.8,67.7,11.68
87,2013,5,Xavier,34,21,13,0.618,10,8,15,2,4,6,108.5,102.9,5.6,25.6,54.4,0.47,5.1,14.7,0.348,0.517,15.6,22.6,0.688,11.1,35.7,14.6,5.8,2.9,12.4,19.8,71.8,68.1,11.84
88,2013,6,Marquette,32,17,15,0.531,9,9,12,4,4,8,105.6,100.5,5.1,25,56.3,0.444,4.8,15,0.321,0.487,17.4,25.2,0.69,11.8,36.5,14.8,6.3,3.1,12,19.7,72.2,68.7,10.08
89,2013,7,Georgetown,33,18,15,0.545,8,10,13,3,2,9,108.4,104.3,4.1,24.3,52.8,0.46,5.5,16.5,0.331,0.511,17,23.6,0.721,10.2,33.4,13.1,6.1,4.3,11.7,22.1,71,68.3,10.96
90,2013,8,Seton Hall,34,17,17,0.5,6,12,10,8,4,7,106.7,103.8,2.9,24,52.9,0.454,7.4,20.7,0.358,0.524,16.4,22.8,0.721,8.5,32.4,13.3,6.6,2.7,12.2,19.9,71.8,69.9,7.53
91,2013,9,Butler,31,14,17,0.452,4,14,8,7,4,7,104.2,101.2,3,24.4,56.7,0.429,5.9,18.3,0.323,0.482,13.9,21.1,0.661,11,34.6,11.1,6,2.8,10,16.9,68.5,66.6,7.04
92,2013,10,DePaul,33,12,21,0.364,3,15,8,9,3,9,101.6,110.3,-8.7,23.7,56,0.423,5.9,17.6,0.336,0.476,16.1,23.5,0.684,12.3,33.9,10.9,6.7,4.2,13.5,21.6,69.4,75.4,1.5
93,2012,1,Georgetown,32,25,7,0.781,14,4,16,1,6,3,102,89,13,23,50.8,0.453,5.9,16.8,0.353,0.511,12.7,18.7,0.679,9.3,30,14.8,7.5,3.8,12.7,17.4,64.7,56.4,15.86
94,2012,2,Louisville,40,35,5,0.875,14,4,15,1,8,3,110.3,87.1,23.2,26.2,57.5,0.456,5.8,17.3,0.333,0.506,16.3,23,0.709,13.3,34.6,14.6,10.8,4.2,12.4,18.2,74.5,58.8,24.82
95,2012,3,Marquette,35,26,9,0.743,14,4,16,0,5,6,105.9,97.4,8.5,24.1,52.7,0.457,4.2,14.2,0.296,0.496,15.7,21.6,0.73,11.9,31.9,13.8,6.6,3.5,13.5,16.9,68.1,62.6,14.05
96,2012,4,Pitt,33,24,9,0.727,12,6,16,3,6,3,113.2,91.6,21.6,25.4,53.8,0.472,4.9,14.2,0.349,0.517,13.5,20.2,0.668,12.9,32.3,16.3,6.6,4,11,17.4,69.2,56,18.84
97,2012,5,Notre Dame,35,25,10,0.714,11,7,17,2,4,5,109.8,99.5,10.2,25.5,55.1,0.462,6.5,17.6,0.37,0.522,12.5,17.7,0.709,11.1,32.7,16.8,5,3.8,11.2,14.1,70,63.5,13.76
98,2012,6,Syracuse,40,30,10,0.75,11,7,17,2,5,5,107.3,89.5,17.9,25.2,57.3,0.439,5.8,17.4,0.335,0.49,14.2,21.1,0.675,14,34.5,14.1,9,6.2,12.4,15.9,70.4,58.7,20.3
99,2012,7,UConn,30,20,10,0.667,10,8,13,3,4,5,103.8,97.2,6.6,24.2,54.8,0.442,6.4,18.7,0.34,0.5,15,20.2,0.743,9.2,29.2,13.7,7.5,4.5,12.2,16.2,69.9,65.4,11.89
100,2012,8,Villanova,34,20,14,0.588,10,8,12,4,6,7,98.8,94.9,4,21.5,51.8,0.416,6,18.1,0.331,0.474,18.8,26.1,0.719,11.3,32.8,12.1,7.7,3.4,15.7,19.1,67.9,65.1,10.75
101,2012,9,Cincinnati,34,22,12,0.647,9,9,13,5,4,5,101.4,89.9,11.5,23.3,57.7,0.403,6.8,21.4,0.316,0.462,13.2,20.5,0.647,14.4,35.9,12.2,7.1,6.1,12.7,17.8,66.5,59,14.47
102,2012,10,Providence,34,19,15,0.559,9,9,14,4,4,8,101.7,97.6,4.1,23.6,57.3,0.411,5.5,17.6,0.31,0.459,15,21.4,0.702,13.9,34.1,14.3,6.2,3.2,12.7,17.1,67.6,64.9,9.3
103,2012,11,St. John's (NY),33,17,16,0.515,8,10,11,5,5,8,95.1,97.1,-2,25,60.3,0.415,3.6,13.4,0.271,0.445,11.2,17.4,0.64,11.8,32.6,12.2,6.7,7.3,11.4,16.6,64.8,66.2,5.82
104,2012,12,Rutgers,31,15,16,0.484,5,13,9,7,4,8,101.1,102.3,-1.2,24.1,54.5,0.442,4.8,13.5,0.357,0.487,12.4,17.7,0.699,11.9,30.6,12.6,7,3.6,13.8,19.5,65.4,66.2,5.98
105,2012,13,Seton Hall,33,15,18,0.455,3,15,10,7,2,9,98.9,99.6,-0.6,22.5,51.6,0.437,7.9,21.5,0.367,0.513,11.7,17.8,0.658,10,30.9,14,6.8,2.6,15.6,18.9,64.7,65.2,5.55
106,2012,14,South Florida,31,12,19,0.387,3,15,10,8,2,10,95.5,101.1,-5.6,20.9,53.7,0.389,6.1,19.6,0.313,0.446,10.9,15.7,0.694,10.7,29.4,11.3,6.2,3.4,10.9,15.6,58.8,62.2,4.31
107,2012,15,DePaul,32,11,21,0.344,2,16,7,10,4,8,98.8,104.2,-5.4,26.5,61,0.434,4.8,16.2,0.299,0.474,13.6,19.3,0.704,12,30.4,13.8,8.3,4.2,14.3,19.1,71.4,75.3,1.71
108,2011,1,Syracuse,37,34,3,0.919,17,1,19,0,9,1,113.3,93.3,20,27.2,58.3,0.467,6.3,18.1,0.349,0.521,13.4,19.2,0.698,12.4,31.9,15.2,9.1,6.9,10.5,15.5,74.1,61,21.12
109,2011,2,Marquette,35,27,8,0.771,14,4,15,1,6,5,106.6,93.3,13.3,26.3,58.1,0.452,5.7,17,0.337,0.501,17.1,23.7,0.721,11.8,32.8,16.6,8.7,3.5,13.2,17.7,75.4,65.9,16.92
110,2011,3,Notre Dame,34,22,12,0.647,13,5,16,1,5,5,106.3,98.8,7.5,23,52.9,0.434,6.5,19.6,0.332,0.495,13.9,19.8,0.704,10.1,30.9,14.6,5.2,3.4,10.1,13.8,66.4,61.7,11.18
111,2011,4,Cincinnati,37,26,11,0.703,12,6,14,4,7,5,104.9,94.7,10.2,25,59.3,0.421,7,20.6,0.341,0.48,11.2,17.4,0.644,13.2,33.1,12.9,8.1,4.6,10.9,15.4,68.2,61.5,12.93
112,2011,5,Georgetown,33,24,9,0.727,12,6,15,1,6,5,107.4,92.4,15,24.6,52.8,0.465,5.6,16.2,0.347,0.519,14.2,20.4,0.698,11.1,33.6,13.7,6.1,4.7,12.6,17.5,69,59.4,16.81
113,2011,6,South Florida,36,22,14,0.611,12,6,14,2,5,8,98.6,94.1,4.5,21.4,49,0.437,4.7,14.8,0.316,0.485,11.7,16.6,0.705,10.4,31,11.8,5.6,3.8,13.5,15.3,59.3,56.6,9.2
114,2011,7,Louisville,40,30,10,0.75,10,8,16,4,6,5,100.5,89.9,10.6,24.1,57,0.422,5.8,18.3,0.318,0.473,14.2,20.7,0.688,13,35.6,13.3,8.8,4.8,14.1,17.7,68.2,61,16.19
115,2011,8,West Virginia,33,19,14,0.576,9,9,11,5,4,6,106.8,99.9,6.9,25.4,58,0.438,5.3,17.7,0.298,0.483,15,22.4,0.671,14.9,34.4,14.5,6.4,2.6,12.8,16.8,71.1,66.5,12.13
116,2011,9,UConn,34,20,14,0.588,8,10,13,4,3,7,106,99.5,6.5,25.2,55.9,0.452,5.4,16.4,0.332,0.5,12.8,19.3,0.662,12.2,33.9,13.4,5.9,6.9,12.3,14.5,68.7,64.5,12.27
117,2011,10,Seton Hall,34,21,13,0.618,8,10,14,4,4,7,102.4,95.6,6.8,24.5,56.3,0.435,6.9,19.6,0.353,0.497,12.4,18.4,0.674,11.2,32.7,14,8.4,3.1,12.7,17.8,68.4,63.8,10.23
118,2011,11,Rutgers,32,14,18,0.438,6,12,11,7,2,8,98.3,98.8,-0.5,23.9,56.3,0.424,5.3,15.8,0.335,0.471,12.4,17.8,0.697,12.8,30.4,12.7,8.2,3.8,14.8,21,65.5,65.8,5.42
119,2011,12,St. John's (NY),32,13,19,0.406,6,12,11,7,2,10,98.5,104.9,-6.4,23.7,56.3,0.42,4.1,14.4,0.282,0.456,15.2,22.3,0.68,13.3,30.5,10.8,8,3.7,14.2,16.7,66.5,70.9,2.63
120,2011,13,Pitt,39,22,17,0.564,5,13,15,7,5,9,109.9,104.2,5.6,25.2,55.5,0.453,6.3,18.1,0.349,0.51,12.4,17.7,0.699,13.6,33,15.2,4.7,2.6,12.7,17.2,69,65.5,9.43
121,2011,14,Villanova,32,13,19,0.406,5,13,9,6,2,9,103.2,102.9,0.4,23.8,57.8,0.412,6.1,19.4,0.315,0.465,17.1,22.6,0.754,13.8,34.8,12.3,5.6,3.2,14,19.2,70.8,70.6,7.89
122,2011,15,Providence,32,15,17,0.469,4,14,11,6,4,8,104.2,104.8,-0.6,24.1,56.4,0.427,4.9,14,0.353,0.471,15.7,22.3,0.704,12.8,33.2,13.6,5.3,5.2,12.2,16.9,68.8,69.3,4.16
123,2011,16,DePaul,31,12,19,0.387,3,15,7,9,3,8,102.9,106.5,-3.6,27.6,63.1,0.438,7.2,21.6,0.335,0.495,11.6,16.7,0.696,12.1,29.6,15.3,7.9,4.1,13.4,20.5,74.1,76.7,1.99
124,2010,1,Pitt,34,28,6,0.824,15,3,17,1,7,2,116.3,95.9,20.4,26.1,54.9,0.475,5.9,15.1,0.395,0.529,15.9,23.7,0.671,14.2,40,17.5,4.7,3.3,11.7,17.9,73.9,61,20.82
125,2010,2,Notre Dame,34,27,7,0.794,14,4,17,0,5,4,115.3,100.4,14.9,24.8,53.9,0.46,8,20.8,0.386,0.535,17.6,24.3,0.724,10.9,37.1,16.6,4.6,3.8,10.7,15.2,75.2,65.5,18.17
126,2010,3,Louisville,35,25,10,0.714,12,6,19,2,4,6,108.6,93.5,15.1,27.1,59.9,0.453,8.8,24.4,0.362,0.526,11.9,17.9,0.663,12.4,36.3,17.4,9.3,5,13.1,19.2,74.9,64.5,18.6
127,2010,4,St. John's (NY),33,21,12,0.636,12,6,12,3,5,7,105.1,100.4,4.6,24.5,53.7,0.455,4.3,12.9,0.335,0.495,16.8,23.7,0.71,10.7,32.4,12.6,8.1,2.8,12.4,19,70.1,67,13.1
128,2010,5,Syracuse,35,27,8,0.771,12,6,16,3,6,3,110.3,95.2,15.1,26.7,56.7,0.472,6.3,17.9,0.354,0.528,13.5,20.4,0.665,12.3,37.4,16.2,8.7,6.6,12.4,15.5,73.4,63.3,18.85
129,2010,6,Cincinnati,35,26,9,0.743,11,7,15,3,7,4,107.9,93.3,14.6,24.2,55.4,0.437,6.3,18.6,0.338,0.494,14.2,21.2,0.668,13,35.3,14.2,7.4,3.7,11.5,17.3,68.9,59.6,15.41
130,2010,7,West Virginia,33,21,12,0.636,11,7,12,2,4,6,109,101,8,23.7,55.3,0.429,6.2,18.5,0.337,0.485,16.1,22.6,0.711,14.2,37.2,14.9,4.7,4.1,12,18.1,69.8,64.7,16.15
131,2010,8,Georgetown,32,21,11,0.656,10,8,10,4,7,5,108.4,102,6.5,25.3,53.2,0.475,7,19.7,0.353,0.541,13,17.8,0.734,10.1,33.8,15,6,4.3,13.5,18.8,70.6,66.3,14.61
132,2010,9,UConn,41,32,9,0.78,9,9,13,4,5,5,109.2,97.8,11.3,25.7,59.2,0.434,5.7,17.3,0.329,0.482,15.3,20,0.763,13.9,39.7,13,6.3,5.6,11.4,15.8,72.4,64.9,17.95
133,2010,10,Marquette,37,22,15,0.595,9,9,14,4,4,7,110.2,100.8,9.3,26.3,56.6,0.465,5.2,14.8,0.349,0.51,17.4,25.1,0.696,12.4,35.9,15.5,7.2,3.6,12.3,16.8,75.2,68.8,14.89
134,2010,11,Villanova,33,21,12,0.636,9,9,13,4,7,5,109.6,99.2,10.3,24.1,55.1,0.438,6.4,18.3,0.348,0.495,17.6,23.3,0.757,12.2,37.1,13.6,6.3,3.8,11.9,17.5,72.2,65.4,15.05
135,2010,12,Seton Hall,31,13,18,0.419,7,11,8,7,4,7,97.7,95.2,2.5,24.5,59.3,0.413,6,19.7,0.306,0.464,12.5,18.6,0.672,11.2,35.5,13.6,7.3,3.5,12.3,19,67.5,65.8,11.03
136,2010,13,Rutgers,32,15,17,0.469,5,13,10,6,3,10,101.8,100.8,1,24.5,55.6,0.44,5.5,15.9,0.344,0.49,11.9,17.6,0.677,10.9,33.2,13.6,7.9,4.5,12.2,19.8,66.3,65.7,7.88
137,2010,14,Providence,32,15,17,0.469,4,14,14,5,0,10,104.8,104.2,0.6,26.7,62.9,0.424,6.6,21,0.315,0.477,15.8,23.6,0.669,14.5,38.5,12.5,7.8,4.4,12.7,17,75.8,75.3,6.91
138,2010,15,South Florida,33,10,23,0.303,3,15,7,9,1,12,97.1,104.4,-7.2,21.5,51.8,0.416,4.8,15.9,0.303,0.462,14,19.8,0.71,12.3,35.4,12.3,4.9,3.7,15,19.2,61.9,66.5,4.28
139,2010,16,DePaul,31,7,24,0.226,1,17,6,11,1,9,97.3,109.9,-12.7,24.7,58.1,0.426,5.3,16.7,0.314,0.471,13.2,19.3,0.683,11,30.5,14.4,7.5,3.3,13.5,19.9,67.9,76.7,-1.31
140,2009,1,Syracuse,35,30,5,0.857,15,3,17,2,8,1,114,93.5,20.4,29.8,57.7,0.516,7,17.8,0.391,0.576,14.4,21.3,0.677,11.9,38.2,19.2,9.6,6.3,15.2,14.7,80.9,66.4,21.72
141,2009,2,Pitt,34,25,9,0.735,13,5,17,1,5,4,107.5,96.6,10.8,23.8,53.3,0.447,5.3,15.5,0.344,0.497,15.8,22.8,0.693,12.4,37.3,15.8,5.2,4.1,12.4,17.5,68.7,61.8,14.3
142,2009,3,Villanova,33,25,8,0.758,13,5,12,2,6,4,112.9,100.5,12.4,27.2,59.5,0.458,7.6,20.5,0.373,0.522,19.7,26.1,0.755,13.4,38.5,13.6,7.8,4,13.7,22.2,81.8,72.8,16.72
143,2009,4,West Virginia,38,31,7,0.816,13,5,12,2,7,4,111.4,97.7,13.7,24.8,57.6,0.43,6.8,20.1,0.337,0.489,16.1,22.8,0.704,15.4,38.6,15.5,5.6,4.1,11.9,18.1,72.4,63.5,19.16
144,2009,5,Louisville,33,20,13,0.606,11,7,15,4,4,7,110.6,101.7,8.9,26.5,59.4,0.447,7.9,23.5,0.337,0.514,14.9,21.2,0.701,14.5,36.9,15.5,7.8,4.1,13.7,20.1,75.9,69.8,14.08
145,2009,6,Marquette,34,22,12,0.647,11,7,13,4,6,5,111.9,99,12.9,25.3,55.6,0.456,8.1,19.5,0.413,0.528,14.4,19.4,0.741,10.1,31.5,15.2,7.9,2.1,10.4,17.1,73.1,64.6,15.17
146,2009,7,Georgetown,34,23,11,0.676,10,8,12,4,6,5,110.4,99.2,11.2,26.6,53.4,0.499,6.2,16.1,0.387,0.557,14.1,19.8,0.711,9.8,33.3,15.4,7,4.7,13.9,17,73.5,66.1,17.03
147,2009,8,Notre Dame,35,23,12,0.657,10,8,17,3,3,6,116.4,105.7,10.7,26.2,55.8,0.47,7.5,19.2,0.388,0.537,15.4,21.3,0.723,11.5,35.7,16.7,5.5,3,10.3,15.1,75.3,68.4,13.14
148,2009,9,Seton Hall,32,19,13,0.594,9,9,13,5,5,6,110.2,103.8,6.4,29.3,65.8,0.445,6.5,19.6,0.333,0.495,14.9,21.9,0.682,14.3,38.8,15.2,7.4,5.3,10.7,18.8,80.1,75.4,10.43
149,2009,10,South Florida,33,20,13,0.606,9,9,11,5,4,6,103.1,100.8,2.3,23.5,53.2,0.441,4,14.2,0.283,0.479,16.5,24.1,0.682,11.6,35.5,11.9,6.2,3.5,12.6,17.1,67.5,65.9,8.72
150,2009,11,Cincinnati,35,19,16,0.543,7,11,13,5,2,9,102.2,98.8,3.4,25.4,59.5,0.428,5.7,19.6,0.291,0.476,12.2,19.2,0.638,14,39.3,13.8,5.7,3.1,13.1,18.3,68.8,66.5,9.98
151,2009,12,UConn,34,18,16,0.529,7,11,15,4,2,9,102.5,97.6,4.9,24.8,55.2,0.449,3.7,11.9,0.31,0.482,16.8,24.4,0.689,13.5,39.4,13.6,6.5,7.6,14.9,15.8,70,66.6,12.5
152,2009,13,St. John's (NY),33,17,16,0.515,6,12,10,8,4,8,102.7,99.9,2.8,24.8,58.4,0.424,5.8,17.2,0.335,0.473,12,18.5,0.652,13.1,36.9,13.1,6.7,3.8,12.4,18.4,68.2,66.4,9.23
153,2009,14,Rutgers,32,15,17,0.469,5,13,13,6,1,9,98.7,104.9,-6.2,24,56.6,0.424,6.6,19.8,0.332,0.482,13,19.5,0.666,11.9,35.8,13.7,5.8,7.1,14.6,16.2,67.5,71.7,1.29
154,2009,15,Providence,31,12,19,0.387,4,14,8,9,4,9,111,110.7,0.3,29.5,67.9,0.434,8,24.3,0.33,0.493,15.5,23,0.671,17.3,40.4,14.3,8,4.4,12.7,19.8,82.4,82.2,7.04
155,2009,16,DePaul,31,8,23,0.258,1,17,6,9,0,11,95.2,104.3,-9.2,22.7,57.1,0.398,5.6,18,0.314,0.447,9.9,17.1,0.582,12,33.4,11.8,7.6,3.1,10.9,18.4,61,66.9,1.61
156,2008,1,Louisville,37,31,6,0.838,16,2,16,2,8,1,,,,27.1,59.2,0.457,8.2,22.4,0.369,0.527,11.9,18.6,0.642,12.5,37.7,16.9,9.1,6,13.7,16.9,74.3,61.8,20.87
157,2008,2,UConn,36,31,5,0.861,15,3,14,2,9,1,,,,27.7,58.4,0.474,4.6,13.4,0.341,0.513,18.4,27.1,0.678,14.2,43.3,15.8,5.8,7.8,12.7,13.1,78.3,64.3,22.17
158,2008,3,Pitt,36,31,5,0.861,15,3,19,0,7,2,,,,28.9,60.4,0.478,6.3,17.8,0.352,0.53,13.4,19.8,0.676,14.8,39.8,17.6,6.8,3.9,12.1,16.3,77.4,64.4,21.21
159,2008,4,Villanova,38,30,8,0.789,13,5,16,2,8,3,,,,26.1,57.7,0.451,6.5,18.4,0.352,0.508,18.2,24.2,0.753,12.6,38.1,14.5,7.9,3.4,13.3,19.3,76.8,67.4,17.45
160,2008,5,Marquette,35,25,10,0.714,12,6,16,2,7,4,,,,26.1,57.8,0.452,6.9,20,0.347,0.512,19.1,26.2,0.728,12.1,35.6,15,7.9,2.9,11.7,17.8,78.3,69.5,15.06
161,2008,6,Syracuse,38,28,10,0.737,11,7,16,3,5,5,,,,29.2,59.9,0.487,6.7,19.6,0.345,0.544,15,23.3,0.645,12.7,39.6,18.1,7.8,5.1,15.3,15.3,80.2,71.7,17.24
162,2008,7,Providence,33,19,14,0.576,10,8,13,5,4,6,,,,27.4,61,0.449,6.9,21.5,0.321,0.506,16.4,24.1,0.679,13.7,37.5,14.8,7.9,3.6,14.5,16.5,78.1,76.7,7.82
163,2008,8,West Virginia,35,23,12,0.657,10,8,11,3,7,5,,,,25.3,59.1,0.429,6.6,20.1,0.329,0.485,14.8,21.2,0.698,15.2,38.3,15.1,6.7,4.5,12,18.9,72,61.8,18.57
164,2008,9,Cincinnati,32,18,14,0.563,8,10,14,5,4,7,,,,24.8,58.4,0.424,7.3,21.9,0.332,0.486,11.6,17.6,0.657,14.3,37.7,14.6,5.7,3.2,13.6,18.4,68.3,66.3,7.83
165,2008,10,Notre Dame,36,21,15,0.583,8,10,15,3,3,8,,,,27.4,63.4,0.433,8.9,22.3,0.398,0.503,12,16.9,0.709,12.2,39,16.7,5.3,2.6,9.5,15.1,75.8,70.7,12.26
166,2008,11,Georgetown,31,16,15,0.516,7,11,11,5,3,8,,,,23.9,51,0.469,6.2,18.5,0.332,0.53,15.3,21.4,0.715,10,32.7,13.7,7.9,3.9,14.5,17.7,69.3,63.9,14.39
167,2008,12,Seton Hall,32,17,15,0.531,7,11,10,6,4,7,,,,26.7,60.7,0.439,6.3,19,0.331,0.491,14.7,20.4,0.718,11.8,33.8,13,8.6,3.4,12.3,20,74.3,72.8,7.53
168,2008,13,St. John's (NY),34,16,18,0.471,6,12,13,8,1,10,,,,24.1,56.6,0.426,4.1,13.8,0.299,0.462,13.6,21,0.649,13.9,37,12,7.2,3.6,14.8,18.3,65.9,67.6,4.28
169,2008,14,South Florida,31,9,22,0.29,4,14,7,7,1,12,,,,21.4,53.5,0.399,5.1,17,0.297,0.447,11.2,18.7,0.598,12.4,35.4,12.4,5.2,2.7,12.5,17.8,59,64.6,2.63
170,2008,15,Rutgers,32,11,21,0.344,2,16,8,10,3,10,,,,22.7,54.6,0.415,5.2,17.7,0.296,0.463,12.6,17.6,0.719,11.9,36.8,11.1,6,5.9,15.5,17.6,63.2,66.6,1.07
171,2008,16,DePaul,33,9,24,0.273,0,18,6,10,1,11,,,,23.6,58.2,0.406,5.7,19.2,0.296,0.455,11.4,18.5,0.616,12.9,34.7,11.3,6.8,3.1,12.5,15.2,64.3,72.4,-1.21
172,2007,1,Georgetown,34,28,6,0.824,15,3,16,0,8,4,,,,25.1,51.3,0.49,7.9,20.6,0.384,0.567,11.4,17.4,0.654,9.9,35,15.5,6.9,4.8,13.5,17.6,69.6,58.1,18.73
173,2007,2,Louisville,36,27,9,0.75,14,4,15,2,8,3,,,,25.9,55.9,0.463,7.6,21.6,0.35,0.531,13.2,20.4,0.647,11.5,37.2,15.1,8,4.9,13.6,18.3,72.5,61.5,19
174,2007,3,Notre Dame,33,25,8,0.758,14,4,17,0,5,4,,,,27.7,61.1,0.454,8.3,20.5,0.405,0.522,15.3,20.8,0.738,13.2,41.5,18.4,6.2,3.8,13,15.1,79,69.6,16.15
175,2007,4,UConn,33,24,9,0.727,13,5,16,1,7,4,,,,26.3,57,0.462,5.1,14.1,0.361,0.506,19.8,27.4,0.72,13.6,41.9,14.8,5.7,8.6,13.7,15.3,77.5,68.7,15.54
176,2007,5,Marquette,35,25,10,0.714,11,7,15,2,5,5,,,,26.5,59.5,0.446,7,19.9,0.353,0.505,15.8,22.4,0.706,13.5,36.8,14.7,9.3,3.8,12.9,20.9,75.9,64.8,18.62
177,2007,6,West Virginia,37,26,11,0.703,11,7,13,2,4,5,,,,26.6,58.6,0.453,7.1,20.1,0.355,0.514,14.6,21.1,0.689,12.2,36,15.4,6.9,5.1,11.2,19.2,74.8,63.6,17.97
178,2007,7,Pitt,37,27,10,0.73,10,8,16,2,5,7,,,,26.9,59.1,0.456,6.1,18.1,0.335,0.508,13.8,20.8,0.667,14.4,37.8,15.6,6.8,3.4,12,16.2,73.8,65.1,15.62
179,2007,8,Syracuse,35,21,14,0.6,9,9,16,6,4,6,,,,28.5,59.2,0.481,5.4,15.9,0.341,0.527,16.6,24.9,0.668,13.8,40.2,16.5,8.3,6,15.9,16.6,79,74.3,12.65
180,2007,9,Villanova,35,22,13,0.629,9,9,13,3,4,7,,,,24.8,57.5,0.431,6.9,20.1,0.344,0.491,16.3,22.4,0.727,13.1,35.9,13.3,8.1,2.8,14.4,20.8,72.8,69.5,11
181,2007,10,Cincinnati,32,13,19,0.406,8,10,10,7,3,11,,,,23,55.7,0.412,6.5,19.8,0.328,0.471,12.2,18.3,0.665,12.7,36.5,12.7,5.3,2.3,13.9,20.6,64.6,67.8,4.86
182,2007,11,Seton Hall,32,17,15,0.531,7,11,11,6,4,8,,,,26.5,62.7,0.423,7.2,21.2,0.338,0.48,16.5,23,0.716,13.2,36.1,13,9.5,4.9,12.3,19.7,76.6,77.3,4.84
183,2007,12,DePaul,30,11,19,0.367,6,12,7,8,3,9,,,,26.4,60.9,0.433,7.7,21.5,0.358,0.496,12.1,18.7,0.648,12.7,34.6,13.9,7.4,2.8,12,15.3,72.6,75.8,4.31
184,2007,13,Providence,31,15,16,0.484,6,12,10,5,2,8,,,,26.1,58.1,0.45,7.6,20.4,0.376,0.515,12.8,18.8,0.68,12.9,34.7,14.6,7.9,3.4,14.5,17.8,72.7,72.2,8.38
185,2007,14,St. John's (NY),30,11,19,0.367,5,13,8,8,3,9,,,,22.2,54.2,0.409,5.2,15.7,0.333,0.458,12.6,19,0.663,11.6,34.4,11.7,6.5,3.1,15.3,19.7,62.1,66.5,2.94
186,2007,15,Rutgers,31,11,20,0.355,3,15,8,10,3,10,,,,22.1,55.5,0.398,5.5,17.4,0.318,0.448,12.5,19.3,0.648,11.8,36.6,9.5,5.6,5.1,15.3,16.5,62.2,68.5,-1.57
187,2007,16,South Florida,31,12,19,0.387,3,15,7,7,3,10,,,,24.2,55,0.439,5.4,16.2,0.33,0.488,15.1,23.7,0.638,12.9,36.9,15.2,5.4,3.5,13.5,17.8,68.8,68.9,5.17
188,2006,1,Georgetown,37,30,7,0.811,13,3,14,3,9,3,,,,24.9,49.4,0.505,6.4,17.2,0.37,0.57,12.8,18,0.711,11.1,33.8,14.7,5.2,5.1,13.4,16.5,69.1,58,19.62
189,2006,2,Louisville,34,24,10,0.706,12,4,16,4,6,2,,,,24.9,57.2,0.434,7.4,22.1,0.333,0.498,14.5,21.4,0.678,13.4,36.7,14.6,7.4,4.2,12.8,20.5,71.6,63.1,16.08
190,2006,3,Pitt,37,29,8,0.784,12,4,16,2,8,3,,,,26,55,0.472,6.2,16.2,0.382,0.529,13.1,19.9,0.661,12,35.7,17.5,5.2,3.6,11.9,16.6,71.3,62.8,16.99
191,2006,4,Notre Dame,32,24,8,0.75,11,5,18,0,4,5,,,,27.2,59.2,0.459,9,23,0.39,0.535,17.7,23.8,0.743,12.7,38.4,17.3,8.5,3.4,12.9,18.2,81,68,16.94
192,2006,5,Marquette,34,24,10,0.706,10,6,16,4,6,4,,,,25,57.4,0.436,6.4,19.1,0.333,0.492,15.4,23,0.669,14.4,36.8,14,8.7,3.4,14.6,20.3,71.9,64.9,14.14
193,2006,6,Syracuse,35,24,11,0.686,10,6,18,4,5,5,,,,25.7,57.9,0.443,7.3,20.1,0.365,0.506,16.9,24.3,0.695,12.9,40.3,14.9,8.3,7.1,15,17.7,75.6,68,14.04
194,2006,7,DePaul,34,20,14,0.588,9,7,14,2,5,9,,,,25.4,55.4,0.458,6.4,18.6,0.345,0.516,10.5,15.8,0.664,10.7,35.4,14.2,5.9,4.5,11.7,16.3,67.6,63.3,12.44
195,2006,8,Villanova,33,22,11,0.667,9,7,10,4,9,4,,,,23.5,55.4,0.424,7.5,21.3,0.352,0.492,18,23.1,0.781,13.3,36.2,12.7,8.1,3.2,13.6,19.5,72.5,64.6,16.13
196,2006,9,West Virginia,36,27,9,0.75,9,7,17,1,3,6,,,,25.6,55.9,0.458,10.3,27.5,0.375,0.55,11,15.5,0.713,9.9,30.6,17.6,8.2,3.5,11.3,15.1,72.5,62.4,14.43
197,2006,10,Providence,31,18,13,0.581,8,8,16,3,2,8,,,,28,57.8,0.484,6.1,16.9,0.363,0.537,13.9,20,0.696,13.6,37.4,16.5,7.4,4.7,16.9,17.2,76,71.7,9.85
198,2006,11,St. John's (NY),31,16,15,0.516,7,9,14,8,2,7,,,,21.8,53.3,0.409,6.9,20.3,0.342,0.474,13.3,18.4,0.723,10.9,34,13.5,5.6,3.5,14.2,17.2,63.8,64.8,4.51
199,2006,12,UConn,31,17,14,0.548,6,10,15,5,2,8,,,,24.5,58,0.423,4.7,14.8,0.321,0.464,16.6,26.4,0.628,16.2,42.3,12.9,7.7,8.5,15,17.5,70.4,62.5,13.22
200,2006,13,Seton Hall,29,13,16,0.448,4,12,11,5,1,9,,,,26.3,62.6,0.421,6.4,20,0.322,0.473,15.5,20.6,0.754,12.6,34,12.6,10.3,2.8,12.2,21,74.7,72.8,5.94
201,2006,14,Rutgers,29,10,19,0.345,3,13,8,8,2,9,,,,20.5,52.6,0.389,5.2,17,0.304,0.438,13.7,20.2,0.675,12,33.7,9,4.7,4.2,12.9,18.3,59.8,66.2,-2.25
202,2006,15,South Florida,30,12,18,0.4,3,13,9,7,2,10,,,,22.6,50.4,0.447,4.6,14.3,0.325,0.493,15.9,24,0.662,11.3,36.3,14.6,6.1,5,16.9,17.4,65.7,67,2.34
203,2006,16,Cincinnati,30,11,19,0.367,2,14,10,8,0,9,,,,23.5,58,0.405,6.2,20.1,0.308,0.459,11.4,17.2,0.661,13,33.5,12.5,7.7,1.9,12.6,18.8,64.6,67.7,3.8
204,2005,1,UConn,34,30,4,0.882,14,2,16,0,8,2,,,,29.1,61.4,0.473,5.5,15.1,0.366,0.518,18.1,25.7,0.706,15.7,43.8,15.9,6.6,8.8,14.4,15.6,81.8,67.1,21.22
205,2005,2,Villanova,33,28,5,0.848,14,2,12,1,10,2,,,,24.5,58.8,0.417,8.7,23.3,0.375,0.491,16.5,21.7,0.757,13.9,36.3,12.2,7.8,4.8,11.2,18.6,74.2,63.8,19.51
206,2005,3,West Virginia,33,22,11,0.667,11,5,13,2,5,4,,,,25.3,56.8,0.445,10.2,29.3,0.349,0.535,9.9,13.3,0.745,7.8,27.7,17.5,8.1,2.8,8.7,12.7,70.7,63.4,14.51
207,2005,4,Georgetown,33,23,10,0.697,10,6,11,2,7,6,,,,23.8,51,0.468,6.8,19,0.355,0.534,11.5,16.3,0.706,10.7,32.7,15.6,6,3.6,11.5,14.7,66,58.9,13.98
208,2005,5,Marquette,31,20,11,0.645,10,6,14,2,3,7,,,,26.8,58.8,0.455,8.5,21.4,0.397,0.527,13,17.7,0.732,12.2,35.9,15.5,7.5,3,14.8,19.3,75,69.4,11.33
209,2005,6,Pitt,33,25,8,0.758,10,6,16,1,5,5,,,,25.5,55.8,0.456,6.2,17.7,0.352,0.512,15.3,22.1,0.693,12.8,38.8,16.4,6.2,3.9,13.7,17.1,72.5,63.1,16.37
210,2005,7,Seton Hall,30,18,12,0.6,9,7,13,4,5,6,,,,23.1,56.3,0.409,5.8,17.3,0.335,0.461,15.8,21.2,0.746,12.5,36.8,12.4,6.9,2.7,13.4,19,67.8,67.1,6.78
211,2005,8,Cincinnati,34,21,13,0.618,8,8,16,5,3,7,,,,26.7,62.3,0.428,6.2,18.9,0.329,0.478,14.9,19.9,0.747,13,37.3,13.5,6.9,5.7,11.7,16.6,74.4,69.4,12.95
212,2005,9,Rutgers,33,19,14,0.576,7,9,12,5,5,7,,,,23.2,54.1,0.429,7.1,19.3,0.366,0.495,15.3,21.2,0.723,10.9,34.7,12.4,5.7,4.5,12.5,20.2,68.9,65,8
213,2005,10,Syracuse,35,23,12,0.657,7,9,14,5,3,5,,,,26.1,59.5,0.438,7.4,21.9,0.339,0.501,12.8,19.9,0.643,13.6,38.2,15.5,8.9,6.3,15.2,17.9,72.4,68.9,11.68
214,2005,11,Louisville,34,21,13,0.618,6,10,19,3,1,8,,,,23.9,56,0.427,8.2,23.1,0.355,0.5,13.9,19.6,0.706,12,35.9,15.4,6.5,3.2,13.2,18.5,69.9,64.6,11.26
215,2005,12,Notre Dame,30,16,14,0.533,6,10,12,5,4,7,,,,25.7,57.3,0.449,9.6,23.8,0.403,0.533,15.3,21,0.729,11.8,37.9,15.6,5.8,3.4,12.1,16.4,76.4,70.7,12.35
216,2005,13,DePaul,27,12,15,0.444,5,11,7,7,4,8,,,,23.7,54,0.439,5.3,16.9,0.315,0.489,12.1,17.3,0.7,10.9,33.3,12.6,5.5,3.9,12.1,15.3,64.9,67.1,6.52
217,2005,14,Providence,27,12,15,0.444,5,11,9,7,3,8,,,,26.4,57.6,0.458,5.9,16.8,0.35,0.509,16.1,23.4,0.689,13.6,35.6,13.2,7.9,4.9,15,18,74.8,74.7,7.83
218,2005,15,St. John's (NY),27,12,15,0.444,5,11,10,7,2,8,,,,21.9,52.8,0.414,3.4,12.9,0.266,0.446,12.8,19.5,0.657,13.7,38.1,13,7,3.9,16.1,19.4,60,60.4,5.24
219,2005,16,South Florida,29,7,22,0.241,1,15,4,10,1,9,,,,21.2,50.5,0.42,5,15,0.336,0.47,12.4,18.1,0.687,11.3,33.8,11.7,5.7,5.7,18.2,18.6,59.9,64.3,0.2
220,2004,1,Boston College,30,25,5,0.833,13,3,16,1,7,2,,,,25.6,56.2,0.456,4.1,16.4,0.252,0.493,17.1,24.1,0.712,14.1,37.8,17.6,7.2,4.1,13.4,15.1,72.5,64.5,14.38
221,2004,2,UConn,31,23,8,0.742,13,3,14,3,7,3,,,,27.8,60.4,0.46,5,15.7,0.317,0.502,17.5,24.9,0.7,15.4,45.5,17.1,6.1,8.9,15.1,15.9,78,66.8,18.81
222,2004,3,Syracuse,34,27,7,0.794,11,5,16,2,6,3,,,,27.8,57.5,0.484,4.6,14.7,0.313,0.524,14.7,22.1,0.667,13.8,38,15.4,8.1,4.6,13.7,15.9,74.9,64.6,15.95
223,2004,4,Villanova,32,24,8,0.75,11,5,14,2,5,3,,,,25,57.5,0.435,7,19.6,0.359,0.496,15.9,21.6,0.736,14.5,37.3,12,8.3,5.6,12.8,18.6,73,62.4,19.06
224,2004,5,Pitt,29,20,9,0.69,10,6,13,4,6,3,,,,25.4,54,0.471,6,15.9,0.379,0.527,15.4,23.3,0.659,14.3,38,15.1,6.5,4.1,14.4,17.1,72.3,63.5,14.53
225,2004,6,Notre Dame,29,17,12,0.586,9,7,13,5,4,6,,,,23.1,56.4,0.41,8.7,22.5,0.384,0.487,12.3,17.1,0.723,12.1,35.2,14.3,6.7,4.2,11.8,15.1,67.3,64.1,9.39
226,2004,7,Georgetown,32,19,13,0.594,8,8,12,5,4,6,,,,22.9,50.6,0.452,7.9,21.6,0.365,0.53,10.7,15.2,0.704,10.4,31.2,14.4,6.8,4.6,13.7,17.4,64.4,61.1,9.86
227,2004,8,West Virginia,35,24,11,0.686,8,8,11,3,6,5,,,,24.8,55.1,0.45,9.1,25.3,0.36,0.532,12.7,17.2,0.742,9.7,30.4,16.5,8,3.7,11.8,15.1,71.5,67.3,11.76
228,2004,9,Providence,31,14,17,0.452,4,12,9,8,4,6,,,,27.5,59.7,0.461,6.6,19.2,0.346,0.516,12.8,18,0.708,12.9,35.5,16.6,8.2,6,15.1,18,74.5,72.3,10.04
229,2004,10,Seton Hall,28,12,16,0.429,4,12,9,7,3,8,,,,22.7,56.6,0.402,5.1,15.1,0.341,0.447,12.1,17.1,0.711,13.5,36.7,12.5,6.7,3.4,14,19.5,62.7,63.8,5.01
230,2004,11,St. John's (NY),27,9,18,0.333,3,13,9,7,0,11,,,,24,55.8,0.43,4.1,13.3,0.313,0.467,12.2,18.2,0.671,13.6,35.8,12.3,8.2,4.1,16.3,19.3,64.4,66.8,4.98
231,2004,12,Rutgers,29,10,19,0.345,2,14,7,8,2,10,,,,23.3,57.2,0.407,6,18.5,0.325,0.46,12.3,17.4,0.708,11.8,32.4,13.2,6.2,3.1,11.4,16.7,64.9,69.9,3.32
232,2003,1,Pitt,36,31,5,0.861,13,3,19,1,7,2,,,,25.1,53.4,0.471,4.2,13.6,0.306,0.51,13.6,20.8,0.652,12.9,36.7,14.5,6,4.7,12.6,14.8,67.9,56.4,18.2
233,2003,2,UConn,39,33,6,0.846,12,4,17,1,6,4,,,,29.6,61.6,0.48,6.4,15.9,0.402,0.532,13.2,21.2,0.623,15,44.7,17.5,6,8.1,13.6,16,78.8,63.9,22.64
234,2003,3,Providence,29,20,9,0.69,11,5,11,4,8,3,,,,24.7,54.9,0.45,7.9,21.7,0.362,0.522,13.7,19.1,0.72,11.8,33.7,15.7,9.1,4.9,14.9,16.2,71,64.4,14.87
235,2003,4,Syracuse,31,23,8,0.742,11,5,14,3,6,3,,,,27.3,58.9,0.464,4.5,13.9,0.328,0.502,13.9,21.6,0.643,13.6,38.1,15,7.6,6.6,12.8,17.9,73.1,67.6,13.06
236,2003,5,Boston College,34,24,10,0.706,10,6,13,3,5,5,,,,24.1,52.9,0.455,3.8,11.6,0.326,0.491,16.1,23.6,0.679,12.5,36,16,7.1,3,13.4,15.8,68,63.2,11.99
237,2003,6,Seton Hall,31,21,10,0.677,10,6,13,2,6,5,,,,26,56.7,0.458,5.8,16.8,0.347,0.51,14,19.6,0.714,11.6,36.6,13.1,6.7,3.1,13,18.5,71.9,65.4,14.28
238,2003,7,Notre Dame,32,19,13,0.594,9,7,12,7,6,5,,,,23.9,57,0.42,8.3,23.1,0.358,0.493,14.4,19.7,0.729,11.3,35.1,13.6,5.8,4.3,10.3,14.8,70.5,67.2,10.7
239,2003,8,Rutgers,33,20,13,0.606,7,9,16,2,2,9,,,,23.3,55.9,0.416,7.2,19.9,0.364,0.481,14.9,21.1,0.704,12.3,37.1,13.1,6.3,5.9,14.3,18.5,68.7,65.5,8.53
240,2003,9,Virginia Tech,29,15,14,0.517,7,9,11,4,3,8,,,,24.1,58.7,0.411,4.8,15.9,0.304,0.452,13.5,22.5,0.599,14.3,34.7,13.2,10.3,3.4,13.3,18.8,66.6,67.7,3.29
241,2003,10,West Virginia,31,17,14,0.548,7,9,10,4,4,7,,,,22.8,52.6,0.433,7.6,21.2,0.36,0.505,12.5,18,0.695,9.3,31.2,14.5,7.4,5.7,13,15.3,65.6,65.8,6.08
242,2003,11,Villanova,35,18,17,0.514,6,10,8,7,6,7,,,,24.3,54,0.451,6.8,19,0.359,0.514,15.1,20.7,0.729,12,36.4,14.1,6,4.2,16.3,19.2,70.6,68.7,10.04
243,2003,12,Georgetown,28,13,15,0.464,4,12,10,6,3,8,,,,23.6,57.6,0.41,5.4,15.7,0.345,0.457,14.6,20.5,0.714,12.7,33.8,13.2,10.1,3.5,15.1,18.8,67.3,66,4.55
244,2003,13,Miami (FL),30,14,16,0.467,4,12,11,8,3,6,,,,26.4,58.8,0.449,5.9,17.4,0.338,0.499,12.8,18.2,0.705,12.9,35.3,13.5,8.5,3.5,15.4,19.1,71.6,68.9,5.38
245,2003,14,St. John's (NY),27,6,21,0.222,1,15,5,11,1,10,,,,23.6,59.6,0.397,4.4,14.1,0.315,0.434,10.3,16,0.641,14.9,36.9,10.7,8,4.3,15.3,17.9,62,70.9,-1.07
246,2002,1,Pitt,33,28,5,0.848,13,3,16,0,7,4,,,,27.1,53.5,0.506,6.3,17.3,0.364,0.565,14.5,22.7,0.64,11.2,36.5,17.8,8.2,4.1,14.7,17.9,74.9,59.2,21.49
247,2002,2,Syracuse,35,30,5,0.857,13,3,17,0,6,3,,,,29.1,61.3,0.475,5.3,15.4,0.344,0.519,16,23,0.694,13.7,40.7,14.9,8.5,7.1,14.1,16.9,79.6,69.6,19.02
248,2002,3,Boston College,31,19,12,0.613,10,6,9,6,9,3,,,,28,59.6,0.47,6,17.3,0.346,0.52,17.4,25.2,0.691,13.6,36,16.8,6.8,2.8,13.4,18.9,79.4,76.4,10.3
249,2002,4,UConn,33,23,10,0.697,10,6,14,2,5,6,,,,29.2,62.3,0.469,5.9,15.4,0.386,0.516,15.1,22.3,0.677,14.7,42.6,15.2,5.8,7.7,15.4,18.3,79.5,71.2,15.84
250,2002,5,Notre Dame,34,24,10,0.706,10,6,14,2,4,5,,,,27,60.4,0.446,8.3,21.6,0.385,0.515,16.9,22.2,0.761,11.1,38.3,16.4,7.3,5.6,13.1,16.2,79.2,71.3,17.32
251,2002,6,Seton Hall,30,17,13,0.567,10,6,13,3,3,8,,,,24.4,56.5,0.433,4.7,14.9,0.316,0.474,14.1,20.3,0.693,12.2,36,13.2,7.3,3.3,14.9,19.2,67.6,66.2,9.66
252,2002,7,Providence,32,18,14,0.563,8,8,13,5,4,8,,,,24.7,57.2,0.432,6.4,19.3,0.333,0.489,15.5,19.9,0.779,11.9,34.7,14.8,8.8,5.6,14.4,17.3,71.4,67.6,11.64
253,2002,8,Villanova,31,15,16,0.484,8,8,9,4,4,8,,,,24.6,58.5,0.421,6.6,18.9,0.35,0.477,15.9,22.2,0.714,14.5,37.8,13.1,7.4,3.4,16.1,20.7,71.8,70.2,9.11
254,2002,9,St. John's (NY),34,21,13,0.618,7,9,12,7,6,5,,,,25.3,62.5,0.404,5.7,18.3,0.314,0.45,14.9,22.2,0.668,16.5,37.8,11.5,9.6,4.4,12.8,19.6,71.1,68.8,9.71
255,2002,10,Georgetown,34,19,15,0.559,6,10,11,6,6,7,,,,26.1,60.6,0.431,4.6,14.1,0.328,0.469,19.1,25.7,0.743,13.6,39,15.5,9.6,6.1,15.8,21.9,76,69.4,12.86
256,2002,11,West Virginia,29,14,15,0.483,5,11,9,5,2,9,,,,24.5,54.4,0.45,7,20.4,0.342,0.515,10.8,16.9,0.642,8.7,30.2,15,6.4,3.6,13.2,15.9,66.8,69.6,4.08
257,2002,12,Miami (FL),28,11,17,0.393,4,12,9,6,2,10,,,,24.7,58.1,0.425,6.1,18.3,0.333,0.478,14.3,20,0.717,13.2,36.3,14,9.7,4.3,16.5,19.9,69.9,68.7,6.05
258,2002,13,Rutgers,28,12,16,0.429,4,12,10,6,2,10,,,,24.1,60.9,0.395,6.6,20,0.333,0.45,12.9,19.6,0.657,13.9,36.3,12.5,9.2,5.3,13.6,21,67.6,69,5.09
259,2002,14,Virginia Tech,29,11,18,0.379,4,12,8,7,1,10,,,,24.8,58.4,0.424,6.2,17.7,0.35,0.477,14.5,21.8,0.665,14.9,36.8,12.9,7,4.3,14.7,18.3,70.2,73.2,2.3
260,2001,1,UConn,34,27,7,0.794,13,3,13,1,7,3,,,,28.6,59.2,0.483,4.5,11.5,0.394,0.521,16.1,23.1,0.696,13.6,40.6,14.5,7.5,6.9,16,,77.8,69.2,15.38
261,2001,2,Pitt,35,29,6,0.829,13,3,16,1,7,2,,,,26.5,56.4,0.47,6.3,19.5,0.323,0.526,13,21.5,0.605,13.3,38.4,16.9,6.7,4.5,14.2,,72.3,60.9,14.68
262,2001,3,Miami (FL),32,24,8,0.75,10,6,13,2,5,4,,,,25.6,59.4,0.43,7.4,21.4,0.345,0.492,16.3,21.2,0.771,12.1,36.7,16.4,8.9,5.9,14.4,,74.8,67.4,13
263,2001,4,Notre Dame,33,22,11,0.667,10,6,9,4,7,4,,,,28.3,61.7,0.459,7.4,19.5,0.379,0.518,14.8,20.9,0.709,13.2,40.9,19.1,7.8,4.9,13.2,,78.8,68.4,15.67
264,2001,5,Georgetown,30,19,11,0.633,9,7,12,5,6,4,,,,27.8,62.1,0.447,5.5,15.9,0.347,0.492,20,27.6,0.725,15.1,41.7,16.1,10.1,6.4,16,,81.1,70.4,13.16
265,2001,6,St. John's (NY),32,20,12,0.625,9,7,14,2,3,7,,,,24.5,61,0.401,4.3,15.1,0.287,0.437,17,25.3,0.67,15.6,37.7,11.5,10.1,3.8,15.1,,70.3,68.8,7.81
266,2001,7,Syracuse,36,23,13,0.639,9,7,15,4,6,6,,,,27.3,61.2,0.446,6,18.1,0.333,0.495,11.7,18,0.65,13.7,36.8,15.3,10.9,5.6,15.1,,72.3,66.8,11.44
267,2001,8,Boston College,32,20,12,0.625,8,8,11,5,5,4,,,,25,59.8,0.419,6.6,19.7,0.337,0.474,16.9,24.3,0.696,14.1,37.3,13.5,8.1,3.3,14,,73.6,70.5,8.96
268,2001,9,Rutgers,31,18,13,0.581,8,8,15,2,2,8,,,,24.2,59.7,0.404,5.7,18.1,0.317,0.452,13.6,23.3,0.583,15.3,39.5,13.5,10.5,6.9,17,,67.6,66,4.53
269,2001,10,Villanova,32,19,13,0.594,7,9,15,4,2,8,,,,24.5,53.1,0.462,5.8,14.9,0.392,0.517,15.9,21.4,0.742,11.9,38.1,14.3,6.7,3.9,18.2,,70.8,66.3,10.7
270,2001,11,Providence,31,15,16,0.484,6,10,11,5,2,9,,,,24.4,60.1,0.406,7.1,22.5,0.315,0.465,15.5,23,0.677,13.2,34.6,15,11,4.1,16,,71.4,69.7,6.19
271,2001,12,Seton Hall,30,12,18,0.4,5,11,6,7,4,7,,,,24.8,62.4,0.397,8.2,24.1,0.342,0.463,12.7,18.5,0.686,14.4,38.2,13.1,8.1,3.8,15.1,,70.5,70.8,5.93
272,2001,13,Virginia Tech,28,10,18,0.357,4,12,9,6,1,10,,,,24.3,57.1,0.426,6.9,20.1,0.344,0.486,13.8,20.2,0.685,14.9,39.8,12.7,6.5,5,19.1,,69.4,70.8,3.35
273,2001,14,West Virginia,28,8,20,0.286,1,15,5,8,2,9,,,,26.5,61.6,0.43,5.8,17.6,0.33,0.477,14.3,21,0.681,15.1,38.9,14.1,8.4,3.7,17.7,,73,78.9,-1.36
274,2000,1,Boston College,32,27,5,0.844,13,3,17,0,6,4,113.6,95,18.6,27.5,60.4,0.454,7.2,20.3,0.353,0.514,17.5,24.6,0.709,15.2,36.4,14.5,10.2,3,13.2,20.4,79.6,66.5,17.99
275,2000,2,Notre Dame,30,20,10,0.667,11,5,13,4,6,4,108.1,96,12,27.1,58.8,0.462,7.3,19,0.384,0.524,16.4,23.8,0.688,12.3,40.5,17.6,6.6,5.9,14.5,16.7,77.9,69.3,14.36
276,2000,3,Providence,31,21,10,0.677,11,5,13,3,8,3,106.2,92.3,14,26,58.4,0.446,8,20.1,0.4,0.514,16.1,22.4,0.719,12.6,36.4,16.3,9.2,5.5,15.1,20.8,76.1,66.1,13.74
277,2000,4,Georgetown,33,25,8,0.758,10,6,13,3,7,3,105.3,91.2,14.2,28,64.1,0.437,5.6,17,0.332,0.481,16.4,24.8,0.661,18.4,44.9,16.6,9.8,6,16.7,21,78,67.5,12.06
278,2000,5,Syracuse,34,25,9,0.735,10,6,15,2,4,5,104.4,96.7,7.6,26,59.7,0.436,5.4,16.2,0.335,0.482,15.3,21.4,0.715,13,35.7,16,9.6,6,13,20,72.8,67.5,11.15
279,2000,6,UConn,32,20,12,0.625,8,8,17,2,1,8,106.1,98.8,7.4,26.9,57.8,0.465,3.2,9.3,0.342,0.492,16.4,23.5,0.7,14.8,38.5,13.9,8,3.8,15,18.5,73.4,68.3,10.17
280,2000,7,Miami (FL),29,16,13,0.552,8,8,12,4,4,8,100,96.3,3.7,24.6,59.6,0.413,7.1,20.5,0.346,0.472,14,19.6,0.717,13.7,35.3,14.1,8.9,4.7,15,19.6,70.3,67.7,7.54
281,2000,8,St. John's (NY),29,14,15,0.483,8,8,11,4,2,10,,,,26.9,61,0.441,5.1,16,0.317,0.482,14.6,23.4,0.624,,36.3,14.9,9.7,2.9,16.3,22.7,73.5,72.7,9.03
282,2000,9,Villanova,31,18,13,0.581,8,8,14,3,3,9,106.3,103.9,2.4,27.3,55.1,0.495,6,18.9,0.319,0.549,16.1,23.7,0.68,12.4,36.9,16.8,6.8,4.4,18.4,20,76.6,74.9,8.17
283,2000,10,West Virginia,29,17,12,0.586,8,8,12,4,4,7,102.2,102.3,-0.1,26,57.9,0.448,4.5,14.1,0.318,0.487,17.3,25.2,0.689,13.9,40.6,14.4,5.6,3.4,16.4,19.2,73.8,73.8,3.46
284,2000,11,Pitt,33,19,14,0.576,7,9,13,4,3,9,100.8,96.7,4.1,24.8,54.6,0.455,5.8,17.5,0.329,0.507,12.6,20.5,0.617,12.2,35.5,15,7.1,3.7,15.5,17.2,68.1,65.3,7.38
285,2000,12,Seton Hall,31,16,15,0.516,5,11,12,5,2,9,99.8,99.2,0.6,27.1,65.5,0.414,8.1,24.5,0.329,0.475,12.1,18.9,0.641,13.9,41.2,15.8,7,7.6,13.9,16.8,74.4,73.9,6.48
286,2000,13,Rutgers,27,11,16,0.407,3,13,8,7,2,9,101.8,102.5,-0.7,23.2,52.5,0.442,5.3,14.1,0.373,0.493,13.6,23,0.593,13.7,35.4,13.3,5,3.6,14.5,18.1,65.3,65.8,4.75
287,2000,14,Virginia Tech,27,8,19,0.296,2,14,6,9,1,10,93.1,106.1,-13,22.7,55,0.413,6.3,19.5,0.321,0.47,13.9,21.2,0.654,13,34.6,12.2,8.2,4.6,18.7,20.1,65.6,74.7,-5.37
288,1999,1,Miami (FL),34,23,11,0.676,13,3,,,,,100.6,91.2,9.4,25,58,0.431,3.9,12.9,0.3,0.464,15.2,20.3,0.748,14.4,37.7,14.6,8.4,3.7,14.8,18.1,69,62.6,11.83
289,1999,2,Syracuse,32,26,6,0.813,13,3,,,,,109.8,93,16.8,27.4,58.4,0.469,5.3,15.1,0.354,0.514,14.9,21.2,0.705,13.8,37.5,17.6,8.9,5.2,14,15.8,75,63.5,17.67
290,1999,3,St. John's (NY),33,25,8,0.758,12,4,,,,,,,,28.2,60.7,0.464,4.5,14.4,0.314,0.501,12.9,19.1,0.677,,34.3,16.4,10.7,2.7,12.1,19.1,73.7,66.4,14.26
291,1999,4,UConn,35,25,10,0.714,10,6,,,,,109.3,95.6,13.7,27.3,59.2,0.462,5.3,13.6,0.386,0.506,14.7,20.2,0.728,14.5,39.2,15.1,6.6,5.1,14.1,17,74.6,65.3,16.93
292,1999,5,Seton Hall,32,22,10,0.688,10,6,,,,,104.2,96.1,8,25.2,58.3,0.433,7.8,21.4,0.365,0.5,13.5,19.9,0.678,13.5,37.8,14.3,7,6.2,14.9,17.2,71.7,66.2,10.64
293,1999,6,Notre Dame,37,22,15,0.595,8,8,,,,,103.3,98.7,4.6,24.2,51.9,0.466,7.8,20.3,0.382,0.541,15.1,20.3,0.742,10.4,35.7,17.4,7.8,3,17.7,16.9,71.2,68.1,9.57
294,1999,7,Villanova,33,20,13,0.606,8,8,,,,,99,97.7,1.2,24.6,57.8,0.425,6.3,18.4,0.341,0.479,14.5,20.6,0.705,13.4,38.3,15.6,7.4,4.9,16.5,17.1,69.9,69.1,7.62
295,1999,8,Georgetown,34,19,15,0.559,6,10,,,,,94.1,92.1,2,24.7,62.7,0.394,4.5,15.3,0.294,0.429,15.8,24.2,0.655,17.3,44.1,13.2,9.4,6.6,18.1,20.2,69.7,68.2,6.63
296,1999,9,Rutgers,31,15,16,0.484,6,10,,,,,102.2,99,3.2,24,54.2,0.443,5.9,15.7,0.373,0.497,16.4,25.1,0.653,12.6,35.8,14.7,7.2,3.5,15.3,19.7,70.2,67.9,6.62
297,1999,10,West Virginia,28,14,14,0.5,6,10,,,,,100.9,102.8,-1.9,26.3,58.4,0.45,5.4,16.4,0.33,0.497,12.5,19.1,0.653,14,37.4,15.5,7.3,4.4,16.8,18,70.5,71.9,3.65
298,1999,11,Pitt,28,13,15,0.464,5,11,,,,,97.1,97.8,-0.6,24.6,57.3,0.429,6.2,19.4,0.32,0.483,11.2,18,0.623,13.7,37.3,16.4,7.7,2.1,16.6,16,66.6,67,3.98
299,1999,12,Providence,30,11,19,0.367,4,12,,,,,89.6,92.6,-2.9,24.3,60.7,0.4,4.5,14.9,0.304,0.437,11.1,17.7,0.626,15.4,38,12.8,8.2,4.7,17.7,20.9,64.2,66.3,1.04
300,1999,13,Boston College,30,11,19,0.367,3,13,,,,,96,97.2,-1.2,24.2,59,0.41,5.5,18.2,0.302,0.456,14.5,20.3,0.711,13.8,35.6,11.6,9.3,3.4,16.4,18.9,68.3,69.2,4.21
301,1998,1,UConn,36,34,2,0.944,16,2,,,,,109.4,86.8,22.6,27.4,58.6,0.467,4.8,14.1,0.344,0.508,17.6,24.1,0.732,14,40.3,15.3,8,4.2,14.5,16.7,77.3,61.3,24.73
302,1998,2,Miami (FL),30,23,7,0.767,15,3,,,,,99.9,89.4,10.5,26.4,55.7,0.473,4.1,12.3,0.333,0.51,15.8,22.6,0.699,13,39.3,15.3,8.6,5.3,19.2,17.4,72.6,65,16.8
303,1998,3,St. John's (NY),37,28,9,0.757,14,4,,,,,111.2,92,19.2,28.9,63.1,0.459,6.1,17.1,0.357,0.507,15.1,22.1,0.682,15.8,40.6,16.7,9.9,3.3,13.5,16.6,79,65.4,22.69
304,1998,4,Syracuse,33,21,12,0.636,10,8,,,,,101.8,89,12.8,26.6,59.5,0.448,5.6,17.9,0.311,0.495,13.5,20.3,0.663,14.7,39.7,16.3,9.9,6.9,16.4,17.9,72.3,63.2,15.84
305,1998,5,Villanova,32,21,11,0.656,10,8,,,,,106.4,100.4,6.1,26.1,58.3,0.447,7,19.4,0.36,0.507,15.8,21.7,0.732,13.1,37,15.1,7.3,4.6,15.3,17.4,75,70.7,12.01
306,1998,6,Providence,30,16,14,0.533,9,9,,,,,99.6,99.6,0,26.8,64.3,0.418,5.7,18.3,0.31,0.462,16.8,23.6,0.713,14.8,35.5,16,11.2,2.2,15.8,21.4,76.1,76.2,8.28
307,1998,7,Rutgers,32,19,13,0.594,9,9,,,,,,,,23.1,52,0.445,6.2,17.1,0.361,0.505,17.8,25.3,0.705,11.4,35.9,14.6,8.1,2.7,,17.9,70.3,65.3,12.22
308,1998,8,Notre Dame,30,14,16,0.467,8,10,,,,,98.2,100.8,-2.6,26.1,55.2,0.472,4.2,12.7,0.332,0.511,15.9,22.9,0.695,11.4,36.3,17.2,7.4,3,18.9,18,72.3,74.2,5.18
309,1998,9,Seton Hall,30,15,15,0.5,8,10,,,,,100.6,95.6,5.1,23.9,57.1,0.419,5.4,16.9,0.32,0.466,14.4,19.7,0.73,13.3,36.6,14.3,7.5,4.2,14.8,18.5,67.6,64.2,9.41
310,1998,10,Georgetown,31,15,16,0.484,6,12,,,,,93.8,90.3,3.5,24.5,63.1,0.388,4.9,16.1,0.303,0.427,15.1,23.3,0.647,18.6,43.1,12.2,11,6.2,18,19.7,68.9,66.4,8.15
311,1998,11,Pitt,30,14,16,0.467,5,13,,,,,94.1,98.5,-4.4,25.3,60.7,0.416,5.3,17.3,0.307,0.46,11.4,16.3,0.701,13.5,35.7,13.5,11.3,4.1,16.4,18.6,67.2,70.4,4.06
312,1998,12,West Virginia,29,10,19,0.345,4,14,,,,,96.8,103.3,-6.5,24.9,57.8,0.431,4.9,14.9,0.326,0.473,12,18.7,0.639,14.6,34.9,14.3,9,4.1,16.9,20,66.7,71.1,2.98
313,1998,13,Boston College,27,6,21,0.222,3,15,,,,,89.4,102.2,-12.9,23,56.3,0.409,5.7,17.1,0.335,0.46,10.7,16.2,0.662,11.6,31.3,11.6,9.6,2.6,17.1,19.5,62.6,71.6,-1.24
314,1997,1,UConn,37,32,5,0.865,15,3,,,,,109.6,91.3,18.3,27.1,59.1,0.458,5.9,16.6,0.357,0.509,16.5,22.5,0.733,14.1,39.1,14.3,8.5,4,14.2,18.1,76.6,63.9,20.67
315,1997,2,St. John's (NY),32,22,10,0.688,13,5,,,,,103.9,97.1,6.8,25.6,58.4,0.439,4.5,14.1,0.322,0.477,17.1,26.7,0.641,17.6,42.3,14.5,7.5,4.1,16.5,19.3,72.9,68.2,11.28
316,1997,3,Syracuse,35,26,9,0.743,12,6,,,,,101,95.4,5.5,24.8,56.9,0.435,5.7,17.3,0.329,0.485,15.7,23.2,0.676,14,38,15.8,9.5,5.7,15.9,17.1,70.9,67,11.87
317,1997,4,Miami (FL),28,18,10,0.643,11,7,,,,,95.8,89.6,6.2,26.3,59.6,0.44,4.1,14.2,0.287,0.475,13.5,20.4,0.661,13.9,40,14.1,9.3,4.3,17.7,20.1,70.1,65.6,10.87
318,1997,5,West Virginia,33,24,9,0.727,11,7,,,,,108.8,93.8,15,31.1,67.5,0.461,5.2,15.6,0.332,0.499,12.8,20.8,0.613,16.8,40.2,15.8,12.3,3.5,13.5,18.6,80.2,69.2,16.24
319,1997,6,Seton Hall,30,15,15,0.5,9,9,,,,,98.4,100,-1.6,23.7,59.6,0.398,7.8,24.3,0.321,0.464,12.3,17.4,0.707,13.1,36,13.2,7.6,2.4,13.7,17.4,67.6,68.7,6.24
320,1997,7,Villanova,29,12,17,0.414,8,10,,,,,98.3,101.5,-3.3,26.1,60.7,0.43,7.3,22,0.331,0.49,10.3,15.7,0.655,13.7,36.7,16.3,7,4.6,16.6,18.2,69.8,72.1,6.75
321,1997,8,Notre Dame,27,13,14,0.481,7,11,,,,,99.1,100.2,-1,25,56.1,0.446,6.3,17.1,0.367,0.502,13.9,20.8,0.667,12.4,38.9,17,6.7,2.8,17.1,17.7,70.2,71,5.54
322,1997,9,Providence,29,13,16,0.448,7,11,,,,,96.2,97.2,-1,22.8,54.7,0.416,4.5,15.1,0.3,0.458,15.3,21.9,0.701,12,33.1,13.6,8.6,2.9,14.7,20.3,65.4,66.1,7.08
323,1997,10,Boston College,31,15,16,0.484,6,12,,,,,99.9,101.3,-1.4,25.5,56.6,0.45,5.6,16.5,0.338,0.5,13.3,20.6,0.644,12.5,35.7,13.1,7.7,3.5,16,16.8,69.9,70.9,5.14
324,1997,11,Georgetown,31,16,15,0.516,6,12,,,,,100.8,93.1,7.8,26.5,60.9,0.435,3,10.5,0.287,0.46,15.6,24.8,0.632,17.6,40.9,12.6,11.4,3.2,16.3,20.8,71.7,66.2,8.75
325,1997,12,Pitt,27,11,16,0.407,6,12,,,,,100.6,105.2,-4.5,27.6,62.1,0.444,5.8,18,0.322,0.491,12.6,18.3,0.687,14.9,36.3,14.7,8.9,4.9,17.2,18.6,73.6,76.9,2.66
326,1997,13,Rutgers,29,14,15,0.483,6,12,,,,,101.3,97.4,4,23.6,53,0.444,6.5,18.4,0.353,0.506,15.6,22.8,0.684,12.2,34.9,15.2,8,3.5,16.7,18,69.2,66.5,9.47
327,1996,1,Boston College,31,22,9,0.71,12,6,,,,,107,99.5,7.5,25.2,55.6,0.452,6.1,16.5,0.371,0.508,17.9,25.5,0.703,13.9,38.5,13.2,7.7,2.8,15.3,18.3,74.4,69.1,11.92
328,1996,2,Villanova,34,24,10,0.706,12,6,,,,,107.3,97.1,10.2,26.2,56.8,0.462,5.4,16.5,0.327,0.51,17.2,24.8,0.694,15.1,40.6,15.2,8.4,6.1,16.3,18.8,75.1,67.9,16.62
329,1996,3,Georgetown,30,20,10,0.667,11,7,,,,,95.1,86.1,9,25.7,64.5,0.399,3.9,13.1,0.298,0.429,14.1,23.6,0.597,18.6,44.9,12.6,10,6.5,16.3,20.1,69.4,62.9,10.87
330,1996,4,West Virginia,31,21,10,0.677,11,7,,,,,108,98.5,9.5,30.3,63.9,0.474,4.6,14,0.331,0.511,15.4,23.8,0.647,15.4,39.7,17.1,10,3.5,15.5,17.5,80.7,73.6,14.45
331,1996,5,Pitt,33,18,15,0.545,10,8,,,,,96,93.6,2.4,24.9,59.4,0.42,5.4,16.3,0.333,0.465,13.9,21.6,0.644,15,36.5,13.6,10.1,4.7,17.7,20.6,69.2,67.5,9.12
332,1996,6,Providence,36,24,12,0.667,10,8,,,,,104.3,95.6,8.7,26.9,60.2,0.447,5.8,17.3,0.336,0.495,16.9,23.4,0.723,13.3,37.3,16.1,9.3,3.8,15.5,20,76.5,70.1,14.17
333,1996,7,Miami (FL),29,16,13,0.552,9,9,,,,,93.7,90.4,3.3,24,57.6,0.416,3.7,12.4,0.297,0.448,13.4,20.8,0.647,14.3,38.1,14,8.1,6,16.8,19.3,65.1,62.8,8.18
334,1996,8,Syracuse,32,19,13,0.594,9,9,,,,,102.2,94.2,8.1,27.4,63,0.435,7.3,20,0.365,0.493,12.8,19.9,0.642,14.3,39.3,16.1,9.9,4.6,15.2,19,74.9,69,12.87
335,1996,9,Notre Dame,30,16,14,0.533,8,10,,,,,97.3,95.6,1.7,25.2,54.7,0.46,5.1,15.3,0.332,0.507,15.6,23.3,0.669,11.2,38.9,17,7.3,3.1,18.3,19.5,71,69.7,9.42
336,1996,10,St. John's (NY),27,13,14,0.481,8,10,,,,,96.3,96.2,0.2,21.9,52.6,0.415,3.6,13,0.274,0.449,20,29.7,0.673,16.1,42.8,12.9,6.3,3.1,18.9,19.2,67.2,67.1,8.36
337,1996,11,UConn,33,18,15,0.545,7,11,,,,,95.6,88.5,7,23.5,56.5,0.416,5.5,15.4,0.356,0.464,13.2,20.4,0.65,13.8,39,13.1,7.5,3.8,16.1,17.9,65.8,60.9,12.99
338,1996,12,Rutgers,27,11,16,0.407,5,13,,,,,93.7,100.2,-6.5,21.9,57.1,0.384,6.4,19.1,0.338,0.441,14.1,20.6,0.685,13.7,35.7,10.9,7.6,3.4,15.3,20.3,64.4,68.9,2.67
339,1996,13,Seton Hall,28,10,18,0.357,5,13,,,,,91.5,98.2,-6.8,23.2,61.2,0.379,7.5,22.3,0.339,0.44,14.3,22.1,0.646,13.9,37.5,12.6,9,4.8,16.7,20.7,68.1,73.2,3.85
340,1995,1,UConn,35,32,3,0.914,17,1,,,,,,,,30.3,63.9,0.475,7.4,18.1,0.408,0.532,14.6,19.9,0.731,,43.4,18.8,8.2,5.4,15.5,17.1,82.6,64.7,26.05
341,1995,2,Villanova,33,26,7,0.788,14,4,,,,,,,,26.6,57.4,0.463,6.4,18.4,0.35,0.519,15.9,22.8,0.698,,38,16.7,7.3,5.6,13.7,18.1,75.5,66.6,20.34
342,1995,3,Georgetown,37,29,8,0.784,13,5,,,,,,,,30.3,63.7,0.476,5.1,15.4,0.331,0.516,17.6,27.8,0.635,,43.4,14.1,11.6,5,17,19.5,83.3,68.8,22.63
343,1995,4,Syracuse,38,29,9,0.763,12,6,,,,,,,,27,58,0.466,5.2,14.6,0.36,0.511,16.9,24,0.705,,38.3,17.2,7.8,4.2,15.1,18.3,76.2,68.6,18.99
344,1995,5,Boston College,30,19,11,0.633,10,8,,,,,,,,26.8,58,0.461,6.4,18.3,0.352,0.517,18.2,25.8,0.706,,40.1,14.3,7.2,3.1,15.9,19,78.2,70.5,16.93
345,1995,6,Providence,30,18,12,0.6,9,9,,,,,,,,27.5,63.3,0.434,6.4,19.1,0.333,0.485,16.9,23.5,0.717,,38.8,15.9,9,3.4,15.6,20.7,78.2,74.8,12.84
346,1995,7,Miami (FL),28,15,13,0.536,8,10,,,,,,,,23.8,56.3,0.423,5.2,16.3,0.319,0.469,14.4,22.9,0.629,,38.8,14,8,4.3,17,18.7,67.3,66.9,7.77
347,1995,8,Seton Hall,28,12,16,0.429,7,11,,,,,,,,26.6,62.3,0.427,4.3,14.7,0.29,0.462,15.9,24.8,0.64,,37.4,13.3,8.8,3.9,16.1,19.6,73.4,77.2,7.06
348,1995,9,West Virginia,27,12,15,0.444,7,11,,,,,,,,29.2,62,0.471,4.9,15.6,0.314,0.51,16.4,25.2,0.652,,38.1,16.3,8.2,3.9,15.9,20,79.7,76.9,10.95
349,1995,10,Rutgers,27,9,18,0.333,6,12,,,,,,,,24.1,59.8,0.403,7.1,19.4,0.368,0.463,16,22.1,0.722,,35.4,13.2,7.6,3.5,14,20,71.3,74.5,5.31
350,1995,11,Pitt,27,10,17,0.37,5,13,,,,,,,,25.2,60.7,0.415,7.6,21.3,0.355,0.477,14.2,20.9,0.682,,36.2,15.4,8.7,3.6,16.3,23,72.1,70.8,10.97
351,1995,12,St. John's (NY),27,11,16,0.407,5,13,,,,,,,,26.7,61,0.438,4.6,14.7,0.314,0.476,18.1,25.4,0.711,,39.3,14.9,7,3.7,16.1,20.3,76.1,78.6,7.51
352,1995,13,Notre Dame,27,9,18,0.333,4,14,,,,,,,,24.4,56.8,0.43,4.7,15.7,0.299,0.472,13.2,21.2,0.622,,37.5,15,6.9,2.7,17,22,66.8,71.4,5.99
353,1994,1,UConn,33,28,5,0.848,16,2,,,,,,,,31.1,65.9,0.472,6.9,17.8,0.386,0.524,16.8,22.6,0.745,,41.5,19.2,8.6,3.5,15.6,17.6,86,74.4,19.23
354,1994,2,Villanova,33,25,8,0.758,14,4,,,,,,,,28.4,59,0.482,8.1,20.4,0.395,0.55,13.5,18.7,0.722,,35.4,18.8,8.2,4.9,14.3,17.3,78.4,70.1,16.39
355,1994,3,Syracuse,30,20,10,0.667,12,6,,,,,,,,30.9,63.3,0.489,5.3,15.7,0.34,0.531,15.2,22.9,0.662,,38.6,18.1,10.2,4.7,16.6,20.4,82.4,73.4,15.36
356,1994,4,Georgetown,31,21,10,0.677,11,7,,,,,,,,26.7,61.3,0.436,4.6,16,0.287,0.473,17.5,26.9,0.65,,39.9,12.1,10.5,5.4,17.9,19.6,75.5,69.3,12.76
357,1994,5,Miami (FL),28,15,13,0.536,9,9,,,,,,,,23.3,58.1,0.401,5.5,17.4,0.319,0.449,13.2,20.3,0.651,,38.9,13.5,7.8,4.4,17.3,19.4,65.4,67.4,2.41
358,1994,6,Providence,30,17,13,0.567,7,11,,,,,,,,26.2,61.6,0.426,5.5,16.1,0.341,0.47,15.9,22,0.723,,36.3,14.3,8.6,3.7,14.7,18.7,73.8,71.9,8.94
359,1994,7,Seton Hall,30,16,14,0.533,7,11,,,,,,,,29.4,66,0.446,6.4,19.1,0.336,0.495,14.9,22.5,0.661,,38.1,16.8,9.2,4,14.7,19.4,80.2,75.8,8.44
360,1994,8,St. John's (NY),28,14,14,0.5,7,11,,,,,,,,28.7,61.8,0.464,4.3,12.3,0.351,0.499,17.5,25,0.7,,39,13.6,8,2.9,16.1,18.9,79.2,77.7,8.29
361,1994,9,Pitt,28,10,18,0.357,5,13,,,,,,,,24.8,60,0.413,8,22.9,0.351,0.48,14.4,20.1,0.715,,38.8,14.6,8.8,4.2,20.9,20.8,72,75,5.82
362,1994,10,Boston College,28,9,19,0.321,2,16,,,,,,,,25.3,55.6,0.456,3.9,12.3,0.319,0.491,17.5,25.1,0.697,,39.5,13.3,7.3,2.5,19.9,19.5,72,76.4,1.36
363,1993,1,UConn,34,29,5,0.853,16,2,,,,,,,,30.7,62.1,0.495,5.6,15.3,0.369,0.541,17.8,24.7,0.721,,41.5,18.5,8.7,6.4,15.4,18.8,84.9,68.6,22.58
364,1993,2,Syracuse,30,23,7,0.767,13,5,,,,,,,,31.7,66.4,0.477,4.8,15.6,0.306,0.513,15.8,22.1,0.715,,41.3,16.7,8.9,5.3,15.1,20.9,83.9,74.9,17.8
365,1993,3,Boston College,34,23,11,0.676,11,7,,,,,,,,27.8,58.9,0.471,6.9,17,0.404,0.529,15.8,23.1,0.682,,37.8,15.8,6.9,2.1,13.6,17.8,78.2,70,16.78
366,1993,4,Georgetown,31,19,12,0.613,10,8,,,,,,,,24.7,57.5,0.43,4.3,13.6,0.313,0.467,19.4,27.4,0.707,,39.2,13.7,8.5,4.3,17.1,21.4,73,65.7,17.39
367,1993,5,Providence,30,20,10,0.667,10,8,,,,,,,,28.2,61,0.462,4.6,13.3,0.348,0.5,18.3,26,0.703,,38.7,17.4,8,3.2,13.9,17.6,79.3,70,19.24
368,1993,6,Villanova,32,20,12,0.625,10,8,,,,,,,,26.2,59.8,0.437,7.5,20.9,0.359,0.5,14.7,21.7,0.677,,35.7,16.2,8.2,5.7,14.6,18.7,74.5,72.6,12.8
369,1993,7,Seton Hall,30,17,13,0.567,8,10,,,,,,,,22.3,55.9,0.398,6.6,19.4,0.34,0.457,17.5,25.7,0.681,,37.8,11.7,7.2,4.8,14.6,19.2,68.6,65.7,13.59
370,1993,8,Pitt,27,13,14,0.481,7,11,,,,,,,,27.6,63,0.439,6.1,17.9,0.341,0.487,16.7,26,0.641,,41,16.9,7.9,5.2,15.6,20,78,75.1,12.8
371,1993,9,St. John's (NY),29,12,17,0.414,5,13,,,,,,,,26.9,61.6,0.436,3.3,10.6,0.314,0.463,16.3,23.7,0.688,,38.3,15.1,9.4,2.2,14.4,18.7,73.3,72.4,9.42
372,1993,10,Miami (FL),27,7,20,0.259,0,18,,,,,,,,23.6,56.4,0.419,5.1,15.9,0.322,0.464,10.2,17.5,0.585,,39.5,15.3,7.1,5.2,19.7,19.9,62.6,70.7,-1.83
373,1992,1,Seton Hall,35,28,7,0.8,14,4,,,,,,,,26.3,55.5,0.475,5.7,14.5,0.389,0.526,19.5,25.9,0.755,,37.4,15.4,7.4,4.8,14.2,18.3,77.9,66.9,19.48
374,1992,2,St. John's (NY),30,19,11,0.633,12,6,,,,,,,,27.5,57.2,0.481,2.7,8.1,0.331,0.504,17.7,26.6,0.665,,36.4,15.8,9.2,2.3,15.2,22,75.4,71.7,13.14
375,1992,3,Syracuse,29,20,9,0.69,10,8,,,,,,,,29.5,62.5,0.472,5,15.4,0.324,0.512,15.4,22.5,0.686,,37.7,15.7,10,6.3,17.3,19.7,79.4,73.8,13.58
376,1992,4,Boston College,31,18,13,0.581,9,9,,,,,,,,25.7,53.8,0.477,5.8,14.6,0.396,0.531,14.3,19.2,0.746,,33.1,14.5,6.3,2.2,13.9,16.8,71.5,67,11.88
377,1992,5,UConn,28,15,13,0.536,9,9,,,,,,,,27.5,62.8,0.439,5.1,15,0.342,0.48,15.3,21.5,0.709,,37.8,14.3,8.8,5.3,15.5,20.9,75.5,71.8,11.69
378,1992,6,Pitt,28,17,11,0.607,9,9,,,,,,,,27.9,61.3,0.454,4.6,14.6,0.315,0.492,16.9,25.6,0.661,,40.1,15.1,6.3,4.1,16.3,19.4,77.3,76.6,9.72
379,1992,7,Providence,33,20,13,0.606,9,9,,,,,,,,24.8,57.3,0.434,5,14.6,0.341,0.477,16.2,25.3,0.638,,39.9,16.2,7.4,3.6,14.7,21.3,70.8,64.8,14.24
380,1992,8,Georgetown,33,20,13,0.606,8,10,,,,,,,,24.4,55.8,0.437,3.7,11.6,0.319,0.47,16.8,23.8,0.705,,38.8,13.3,7.8,3.2,15.9,18.6,69.2,62.5,13.03
381,1992,9,Miami (FL),27,10,17,0.37,7,11,,,,,,,,25.6,59.3,0.433,6.9,19.3,0.357,0.491,13.3,22.2,0.599,,36.2,16.6,8.6,4.7,15.6,21.3,71.4,74.2,4.63
382,1992,10,Villanova,27,8,19,0.296,3,15,,,,,,,,25.2,55.1,0.457,5.4,14.2,0.38,0.506,14.8,21.6,0.686,,33,16,8.3,4.1,15.4,19.8,70.6,69.3,8.46
383,1991,1,Georgetown,32,22,10,0.688,12,6,,,,,,,,24.3,54.3,0.446,4.3,13.7,0.316,0.486,20.5,28.8,0.712,,39.4,14.6,6.6,6.4,15.1,21,73.2,63.8,11.9
384,1991,2,Seton Hall,32,23,9,0.719,12,6,,,,,,,,24.8,52.5,0.473,5,12.9,0.385,0.52,20.1,27.6,0.73,,35.7,14.2,6.8,4.9,15.8,19.5,74.8,68.8,14.2
385,1991,3,St. John's (NY),30,19,11,0.633,12,6,14,3,4,7,,,,25.4,57.4,0.443,3.5,10.3,0.34,0.473,17,25.4,0.671,,37.2,14.7,9.1,3.9,13.2,20.8,71.4,65.1,15.62
386,1991,4,Villanova,29,14,15,0.483,11,7,,,,,,,,21.3,51.7,0.412,5.4,15.6,0.345,0.464,20.3,27.3,0.743,,35.1,12.8,6.3,3.4,16.9,22.8,68.2,69,9.52
387,1991,5,UConn,30,20,10,0.667,10,8,,,,,,,,27.2,61.5,0.442,6.3,16.4,0.383,0.493,18.4,27,0.682,,41.1,13.7,8,5.5,15.2,19.8,79,71.1,15.03
388,1991,6,Syracuse,32,22,10,0.688,10,8,,,,,,,,25.3,59.3,0.426,6.5,19.5,0.335,0.481,17.4,25.5,0.685,,35.7,13.3,8.5,4.7,13.7,21,74.5,70.6,11.13
389,1991,7,Pitt,34,18,16,0.529,9,9,,,,,,,,26.9,59.1,0.454,4.4,12.9,0.336,0.491,18.1,29.2,0.621,,38.5,15.7,6.9,4.3,14.8,21.6,76.2,72.7,11.49
390,1991,8,Boston College,31,17,14,0.548,7,11,,,,,,,,26.3,54.5,0.483,6.3,14.6,0.431,0.54,16.7,24,0.694,,32.3,13.9,8.3,1.6,14.9,20,75.5,70.6,10.48
391,1991,9,Providence,31,14,17,0.452,6,12,,,,,,,,25.7,58.8,0.437,4.9,15.2,0.324,0.479,19.8,30.6,0.647,,42.8,14.3,6.7,4.9,17.7,24.9,76.2,74.5,7.1
392,1991,10,Miami (FL),32,8,24,0.25,1,17,,,,,,,,21,52.9,0.397,4,12.8,0.314,0.434,14.7,23,0.64,,34.3,11.6,8.1,4.1,15.6,21.9,60.7,67.5,-2.06
393,1990,1,Syracuse,32,26,6,0.813,12,4,,,,,,,,31.3,65.2,0.481,4.6,13,0.353,0.516,16.5,25.6,0.645,,41.7,17.8,10.1,5.6,15.2,20.1,83.8,74.4,17.43
394,1990,2,St. John's (NY),32,23,9,0.719,10,6,,,,,,,,25.6,55.7,0.459,2.9,8.1,0.359,0.485,18.8,26.8,0.702,,35.6,14.4,9.6,4.6,14.8,19.3,72.8,68.1,14.21
395,1990,3,UConn,31,20,11,0.645,9,7,,,,,,,,26.9,58.7,0.458,3.9,10.6,0.364,0.491,15.6,25.4,0.616,,37.8,14.2,10.5,4,14.8,20.1,73.3,65.3,16.57
396,1990,4,Pitt,33,21,12,0.636,9,7,,,,,,,,27.4,59.3,0.461,6.4,15.3,0.417,0.515,22.5,30,0.748,,37.4,17,6.4,2.7,14.2,20.8,83.6,76.9,15.97
397,1990,5,Seton Hall,34,25,9,0.735,9,7,,,,,,,,26.6,54.5,0.488,6.1,14.6,0.418,0.544,19.1,25.4,0.753,,36.6,14.9,7.5,5.1,16.1,20.2,78.4,69.1,18.56
398,1990,6,Georgetown,32,19,13,0.594,8,8,,,,,,,,23.3,56,0.415,2.1,8.3,0.257,0.434,17.7,24.6,0.721,,40.6,12,5.8,7.3,14.9,19.2,66.3,61.4,16.07
399,1990,7,Providence,32,19,13,0.594,7,9,,,,,,,,29.8,68.5,0.435,6.4,18.4,0.346,0.482,17.7,26.3,0.674,,43.1,18.2,9.3,3.7,16.4,23.1,83.8,78.4,12.33
400,1990,8,Villanova,32,17,15,0.531,7,9,,,,,,,,24.8,55.5,0.447,5.5,15.4,0.356,0.497,17.8,24.4,0.729,,34.6,13.9,7.5,3.1,17.1,22.3,72.9,72.8,12.44
401,1990,9,Boston College,30,11,19,0.367,1,15,,,,,,,,26.9,61.1,0.44,5,13.3,0.379,0.481,16.7,24.6,0.678,,35.4,11.9,9.5,2.7,16.2,22,75.5,75.5,8.03
402,1989,1,UConn,37,31,6,0.838,12,4,,,,,,,,28.6,63.7,0.449,5.1,14.2,0.361,0.489,16.8,25.2,0.664,,38.9,16.2,13.1,3.4,14.4,20.6,79.1,66.1,18.3
403,1989,2,Syracuse,33,26,7,0.788,12,4,,,,,,,,30.7,63.9,0.481,3.5,10.6,0.331,0.509,17.5,27,0.647,,41.5,18.9,8.3,5.1,13.5,19.1,82.5,71.2,18.69
404,1989,3,Georgetown,31,24,7,0.774,11,5,,,,,,,,27.7,57.4,0.482,4.5,11.9,0.381,0.522,21.6,30.9,0.698,,44.8,16.7,8,7.5,16.8,19.5,81.5,64.8,21.39
405,1989,4,St. John's (NY),34,24,10,0.706,10,6,,,,,,,,25.4,54.4,0.468,2.7,8.3,0.323,0.492,18.2,25.6,0.71,,37.1,14,8.6,4.2,11.4,18.4,71.8,66.1,12.9
406,1989,5,Providence,29,17,12,0.586,8,8,,,,,,,,28.7,62,0.463,6.3,16.4,0.387,0.514,20.1,28.2,0.711,,39.8,18.6,9,3.6,15.7,23.4,83.9,77.3,13.6
407,1989,6,Villanova,33,18,15,0.545,8,8,,,,,,,,23,53.6,0.429,4.8,13,0.366,0.474,19.7,27,0.731,,38.1,12.7,7.1,4.6,17.2,22.5,70.5,68.8,10.5
408,1989,7,Pitt,29,12,17,0.414,5,11,,,,,,,,27.5,57,0.482,5,12.2,0.412,0.527,23.7,32.6,0.727,,36.8,16.1,6.4,2.3,15.6,20.9,83.7,83,11.8
409,1989,8,Seton Hall,28,12,16,0.429,5,11,,,,,,,,25.1,54.4,0.461,4.3,11.7,0.369,0.5,16.5,22.5,0.732,,37.5,13.1,4.8,5.5,18,24.2,71,72.2,8.41
410,1989,9,Boston College,28,8,20,0.286,1,15,,,,,,,,26.3,56.9,0.461,3.5,10.1,0.342,0.492,16.3,24,0.68,,32.5,13.1,8.9,2.8,17.6,25.3,72.3,77.6,0.89
411,1988,1,Georgetown,34,29,5,0.853,13,3,,,,,,,,29.5,58.5,0.504,3.7,9.5,0.393,0.535,17.3,26.4,0.656,,40.3,17.3,8.6,9.1,14,18.8,80,65.4,20.76
412,1988,2,Seton Hall,38,31,7,0.816,11,5,,,,,,,,27.6,57,0.484,5.9,14.1,0.419,0.536,20.7,27.3,0.756,,39.8,16.6,6.2,4.6,15.4,20.9,81.8,69.2,20.91
413,1988,3,Syracuse,38,30,8,0.789,10,6,,,,,,,,35.1,64.6,0.543,3.8,10.2,0.37,0.572,15.8,25.8,0.612,,39.6,20.1,8.9,5.4,11.7,18.3,89.7,76.1,22.31
414,1988,4,Pitt,30,17,13,0.567,9,7,,,,,,,,25.4,54.1,0.469,5.6,13.8,0.402,0.521,22.6,30.3,0.746,,35.2,16.6,6.2,2.5,13.2,19.1,78.9,79.3,11.35
415,1988,5,Providence,29,18,11,0.621,7,9,,,,,,,,31.2,63.4,0.493,5.7,14.9,0.382,0.538,17.1,23.8,0.718,,34.5,19.7,10.8,3.9,15.7,22.9,85.3,74.8,16.27
416,1988,6,Villanova,34,18,16,0.529,7,9,,,,,,,,25.7,54.9,0.468,3.6,10.6,0.34,0.501,16.6,22.8,0.727,,35,14.7,6.6,3.4,14.8,21.9,71.6,71,7.84
417,1988,7,UConn,31,18,13,0.581,6,10,,,,,,,,27.3,62.2,0.439,3.7,9.9,0.379,0.469,14.4,21.3,0.676,,36.6,14.5,8.9,3.1,12,21.1,72.7,66.4,13.61
418,1988,8,St. John's (NY),33,20,13,0.606,6,10,,,,,,,,25.8,52.2,0.494,2,6.3,0.319,0.513,17,23.8,0.714,,36.2,15.1,6.7,3.3,17,18.9,70.6,68.9,9.84
419,1988,9,Boston College,29,12,17,0.414,3,13,,,,,,,,26,59.5,0.436,5.8,15.2,0.381,0.485,15.3,21.9,0.701,,33.5,13.9,7.5,2.4,14.4,22.8,73.1,76.1,3.41
420,1987,1,Pitt,31,24,7,0.774,12,4,,,,,,,,28.3,57,0.497,3.7,9.3,0.401,0.529,19.5,27.1,0.718,,38.1,18.3,6.2,4.4,16.3,19.1,79.8,71,16.96
421,1987,2,Syracuse,35,26,9,0.743,11,5,,,,,,,,32.4,62.7,0.517,3.5,9.1,0.378,0.545,16.4,27.3,0.6,,41.5,19.9,7.8,5,11.1,17.7,84.7,70.5,22.66
422,1987,3,Georgetown,30,20,10,0.667,9,7,,,,,,,,27.6,61,0.452,4.1,11.6,0.351,0.486,12.7,21.2,0.602,,39.2,14.4,10.6,3.8,14.3,21.3,71.9,62.4,14.17
423,1987,4,Villanova,37,24,13,0.649,9,7,,,,,,,,26.2,52.2,0.502,4.4,10.8,0.406,0.543,15.1,21,0.72,,32.9,14.8,5.8,4.1,15.2,19.2,71.9,68.6,13.92
424,1987,5,Seton Hall,35,22,13,0.629,8,8,,,,,,,,28.5,58.3,0.49,3.3,8.9,0.365,0.518,18.7,25.1,0.747,,37.4,16.8,7.2,4.1,14.7,20.3,79.1,71.5,14.59
425,1987,6,St. John's (NY),29,17,12,0.586,8,8,,,,,,,,26.6,54.4,0.489,1,3.3,0.299,0.498,17.1,23.2,0.736,,35.2,12.7,6.8,3.5,14.1,18.4,71.3,68.4,11.93
426,1987,7,Boston College,33,18,15,0.545,6,10,,,,,,,,27,55.8,0.484,5.8,13,0.449,0.537,15.5,21.5,0.717,,32.2,14,5.2,2.7,13.2,20.7,75.3,71.7,9.01
427,1987,8,Providence,28,11,17,0.393,5,11,,,,,,,,26.8,61.8,0.433,5.7,15.5,0.368,0.479,17.3,22.9,0.756,,32.3,14.8,11,3.7,17.5,23.7,76.5,82.5,3.12
428,1987,9,UConn,34,20,14,0.588,4,12,,,,,,,,25.7,55.7,0.461,3.4,8.5,0.406,0.492,15,21.7,0.692,,35.8,15.4,6.3,3.2,13.2,19,69.8,65.9,8.92
429,1986,1,Georgetown,34,29,5,0.853,12,4,,,,,,,,27.8,60.4,0.46,4.4,11.9,0.368,0.497,17.7,26.6,0.666,,40.4,15.5,9.4,3.5,13.6,20.9,77.8,64.2,17.19
430,1986,2,Pitt,33,25,8,0.758,12,4,,,,,,,,30.3,59.5,0.509,3.3,8.9,0.373,0.537,20.1,29.1,0.689,,41.5,17.8,5.9,4.5,14.8,20.9,84.3,72.8,16.6
431,1986,3,Syracuse,38,31,7,0.816,12,4,,,,,,,,31.7,61.4,0.516,2.6,6.5,0.403,0.538,16.8,25.8,0.65,,40.1,18.3,7.2,5.1,13.7,18.3,82.8,72.8,17.98
432,1986,4,Providence,34,25,9,0.735,10,6,,,,,,,,29.2,64.4,0.454,8.2,19.6,0.421,0.518,19.9,25.9,0.766,,36.4,16.9,9.3,4.1,14.7,28.4,86.6,77.1,15.11
433,1986,5,St. John's (NY),30,21,9,0.7,10,6,,,,,,,,26.5,55.2,0.48,1.9,4.8,0.386,0.497,14.9,21.5,0.695,,35.1,12.8,6.2,3.1,12.2,17.9,69.8,64.6,12.46
434,1986,6,Villanova,31,15,16,0.484,6,10,,,,,,,,27.3,58.1,0.471,3,7.9,0.377,0.496,14.7,19.5,0.751,,32.2,13.7,6.4,2.5,13.6,20.8,72.3,72.2,7.36
435,1986,7,Seton Hall,29,15,14,0.517,4,12,,,,,,,,27.2,56.7,0.479,2.7,7.4,0.364,0.503,20.6,29,0.708,,37.5,15.1,5.7,4.2,15.2,21.6,77.6,74.9,6.21
436,1986,8,Boston College,29,11,18,0.379,3,13,,,,,,,,23.9,50.2,0.477,2.8,7.6,0.368,0.505,14,19.7,0.708,,29.7,11.5,4.7,2.5,12.4,17.9,64.6,68,1.97
437,1986,9,UConn,28,9,19,0.321,3,13,,,,,,,,23.4,55.9,0.419,1.8,5.5,0.327,0.435,13.6,21.1,0.642,,35.7,13.9,4.8,3.5,14.2,18.9,62.1,68.6,-0.62
438,1985,1,St. John's (NY),36,31,5,0.861,14,2,,,,,,,,30.1,56.5,0.532,,,,,17,22.8,0.745,,36,18.4,6.4,4.7,13,15.5,77.1,66.2,17.21
439,1985,2,Syracuse,32,26,6,0.813,14,2,,,,,,,,33.8,64,0.527,,,,,16.1,23.4,0.686,,41,20.8,9.8,5.4,13.8,21.1,83.6,68.3,21.74
440,1985,3,Georgetown,32,24,8,0.75,11,5,,,,,,,,30.3,61.4,0.494,,,,,17.8,26.1,0.682,,40.9,16.1,8,3.7,15.3,20.7,78.5,65,17.49
441,1985,4,Villanova,37,23,14,0.622,10,6,,,,,,,,26.3,56,0.47,,,,,17.1,23.6,0.725,,33.9,14.7,7.9,3.5,14.9,20.6,69.8,66.2,9.34
442,1985,5,Providence,31,17,14,0.548,7,9,,,,,,,,31,66.5,0.466,,,,,17,23.4,0.728,,35.8,17,10.7,4.4,15.3,25.7,79,75.4,8.33
443,1985,6,Pitt,29,15,14,0.517,6,10,,,,,,,,30.2,60.7,0.498,,,,,15.6,22,0.708,,35.2,15.5,6.7,5.1,14.9,20.4,76.1,69,11.2
444,1985,7,Boston College,28,13,15,0.464,4,12,,,,,,,,27.8,58.6,0.474,,,,,17.6,23.8,0.742,,32.3,13,7.7,2.2,14,21.5,73.3,73.1,6.24
445,1985,8,UConn,28,12,16,0.429,3,13,,,,,,,,26.3,59.8,0.44,,,,,15.3,22.2,0.69,,38.4,15.2,5.6,1.9,13.4,19.8,68,69.3,3.19
446,1985,9,Seton Hall,32,14,18,0.438,3,13,,,,,,,,27,59.2,0.457,,,,,16.9,24.8,0.681,,37.6,14.1,7.1,4.1,16.9,20.3,71,69.9,2.66
447,1984,1,St. John's (NY),35,31,4,0.886,15,1,,,,,,,,27.9,51.6,0.542,,,,,19.8,26.6,0.744,,33,16.7,,,,16.9,75.7,64.7,18.09
448,1984,2,Georgetown,38,35,3,0.921,14,2,,,,,,,,29.8,58.5,0.509,,,,,14.7,22.8,0.647,,39.6,17.3,,,,19.8,74.3,57.3,20.89
449,1984,3,Syracuse,31,22,9,0.71,9,7,,,,,,,,28.3,56.7,0.499,,,,,16.4,22.9,0.715,,34.3,15.1,7.6,4.4,14.7,19,73,67.9,12.17
450,1984,4,Villanova,35,25,10,0.714,9,7,,,,,,,,26,51,0.51,,,,,16.7,23.4,0.715,,31.8,15.6,,,,18.1,68.7,63.9,12.03
451,1984,5,Pitt,29,17,12,0.586,8,8,,,,,,,,27.1,59.2,0.457,,,,,16.6,23.5,0.706,,36.1,13.2,7.2,4.3,,20.2,70.7,67.3,7.2
452,1984,6,Boston College,31,20,11,0.645,7,9,,,,,,,,28.9,58.8,0.492,,,,,17,24.1,0.705,,38,13.6,,,,21.7,74.8,68,11
453,1984,7,UConn,28,13,15,0.464,6,10,,,,,,,,28.7,59.4,0.483,,,,,13.7,18.6,0.734,,34.2,16.5,,,,20.5,71.1,71.2,3.6
454,1984,8,Providence,31,11,20,0.355,3,13,,,,,,,,26.9,57.8,0.466,,,,,11.2,16.5,0.676,,29.7,14.7,7,4.2,13.8,20.2,65.1,71.5,-0.28
455,1984,9,Seton Hall,28,10,18,0.357,1,15,,,,,,,,27.7,57.9,0.478,,,,,16.9,25.2,0.671,,33.6,12.8,6.1,2.7,15.4,19.3,72.3,74.8,-0.15
456,1983,1,Georgetown,37,34,3,0.919,14,2,,,,,,,,28.2,55.4,0.509,,,,,17.9,26.4,0.678,,40,17.1,8.6,4.5,14.8,21.6,74.3,57.9,18.75
457,1983,2,Syracuse,32,23,9,0.719,12,4,,,,,,,,31.2,61.3,0.508,,,,,16.2,21.6,0.751,,35.4,19.2,7.9,2.9,14.8,21.1,78.5,72.2,11.5
458,1983,3,Villanova,31,19,12,0.613,12,4,,,,,,,,26.3,50.6,0.52,,,,,17.3,23.9,0.723,,29.9,16.3,,,,19.9,69.9,66.9,9.07
459,1983,4,Boston College,30,18,12,0.6,8,8,,,,,,,,28.6,60.9,0.47,,,,,20,27.1,0.738,,34.8,12.6,,,,21.8,77.2,71.7,9.36
460,1983,5,St. John's (NY),30,18,12,0.6,8,8,,,,,,,,25.6,48.2,0.532,,,,,16.5,22.9,0.722,,29.8,15.4,6.1,2.6,14.3,16.6,67.8,62.1,9.25
461,1983,6,Pitt,31,18,13,0.581,6,10,,,,,,,,26,56.9,0.457,,,,,16.5,23.6,0.698,,34.4,14.1,8.1,3.2,15.3,20.5,67.7,64.7,4.68
462,1983,7,UConn,28,13,15,0.464,5,11,,,,,,,,28,61.1,0.459,,,,,15.1,21.6,0.698,,36.6,15.6,6.4,2.2,15.1,21.9,71.1,71.7,2.03
463,1983,8,Providence,29,15,14,0.517,5,11,,,,,,,,24.6,50.4,0.487,,,,,14.4,22.1,0.652,,30.4,14.9,6.9,3.7,14.9,18.1,63.5,63.5,3.61
464,1983,9,Seton Hall,28,9,19,0.321,2,14,,,,,,,,26,56,0.465,,,,,14.8,21.5,0.689,,30.8,15,8.6,,19.2,22.8,66.9,71,-2.24
465,1982,1,Boston College,32,25,7,0.781,12,4,,,,,,,,31.5,62.4,0.505,,,,,21.3,29.7,0.719,,37.8,,,,,21.8,84.3,73.6,11.49
466,1982,2,St. John's (NY),33,28,5,0.848,12,4,,,,,,,,27.8,52.5,0.529,,,,,19.7,25.5,0.77,,33,16.4,5.7,2.9,14.1,20.5,75.2,63.8,16.18
467,1982,3,Villanova,32,24,8,0.75,12,4,,,,,,,,27.3,53.4,0.511,,,,,18.5,25,0.739,,33.1,,,,,,73,68.8,10.52
468,1982,4,Georgetown,32,22,10,0.688,11,5,,,,,,,,28.3,58,0.489,,,,,17.5,25.5,0.688,,37,13.9,9.9,5,16.6,,74.2,64.8,12.3
469,1982,5,Syracuse,31,21,10,0.677,9,7,,,,,,,,32.9,62.1,0.529,,,,,18.5,26,0.713,,38,19.8,8.3,2.8,16.3,24,84.3,74.5,14.69
470,1982,6,Pitt,28,13,15,0.464,6,10,,,,,,,,25.3,56.4,0.448,,,,,16.7,23.8,0.704,,33.8,11.8,6.4,1.5,15,22,67.2,68.9,2.71
471,1982,7,UConn,28,12,16,0.429,5,11,,,,,,,,27.3,59.6,0.457,,,,,16,22.7,0.706,,33.9,11.2,7.9,2.3,14.5,22.2,70.5,71.5,2.81
472,1982,8,Providence,31,12,19,0.387,4,12,,,,,,,,26.3,55.3,0.476,0.2,0.6,0.389,0.478,11.3,16.8,0.675,,30.7,15.7,7.2,2.7,15.7,18.6,64,66.1,1.15
473,1982,9,Seton Hall,29,6,23,0.207,1,15,,,,,,,,24.8,56.8,0.436,,,,,15.1,22.2,0.68,,31.4,11.7,6.9,,18.7,22.4,64.6,76.5,-6.94
474,1981,1,Villanova,32,24,8,0.75,11,3,,,,,,,,28.3,52.8,0.536,,,,,17.1,23.7,0.721,,30.3,,,,,,73.7,65.9,10.55
475,1981,2,Georgetown,37,30,7,0.811,10,4,,,,,,,,26.2,52.1,0.503,,,,,15.2,23.2,0.652,,33.3,13.5,10.4,4.5,15.1,18.4,67.6,53.5,19.29
476,1981,3,St. John's (NY),30,21,9,0.7,9,5,,,,,,,,25.1,49.4,0.509,,,,,19.9,27.2,0.73,,31.9,13.2,6.6,3.3,15.7,20.8,70.1,66.5,8.91
477,1981,4,Boston College,32,22,10,0.688,8,6,,,,,,,,29.6,57.2,0.517,,,,,18.7,27.8,0.671,,33.7,12.3,8.7,4,15.7,20.7,77.8,69.8,10.08
478,1981,5,UConn,28,17,11,0.607,7,7,,,,,,,,26.2,52.6,0.499,,,,,15.3,22.1,0.69,,31.1,14.6,8.5,2.1,15.4,21.7,67.7,63.6,7.04
479,1981,6,Syracuse,29,16,13,0.552,7,7,,,,,,,,30.7,58.6,0.523,,,,,17.9,25.1,0.711,,37.4,14.6,,,,23.9,79.2,75.8,7.57
480,1981,7,Providence,27,10,17,0.37,2,12,,,,,,,,25.1,53.4,0.471,,,,,11.7,17.4,0.672,,29.8,14.5,5.7,2.7,13.9,17.8,61.9,63.7,0.65
481,1981,8,Seton Hall,27,11,16,0.407,2,12,,,,,,,,27.6,60.4,0.456,,,,,17,24.1,0.707,,35,11.5,8.3,3.4,18.1,23.6,72.1,76.9,0.66
482,1980,1,Boston College,30,23,7,0.767,10,4,,,,,,,,26.3,51.6,0.51,,,,,20,27.8,0.719,,32.2,,8.5,2.9,,20.5,72.7,64.3,7.47
483,1980,2,Georgetown,32,20,12,0.625,9,5,,,,,,,,27.2,54.9,0.496,,,,,14.1,21.8,0.647,,33.6,15.7,8.8,2.8,16.3,20.3,68.6,62.8,5.79
484,1980,3,UConn,29,20,9,0.69,8,6,,,,,,,,26.4,51.1,0.516,,,,,16.8,21.5,0.782,,31.8,15.3,8.2,2.5,17.2,19.4,69.6,63.3,5.9
485,1980,4,St. John's (NY),28,17,11,0.607,8,6,,,,,,,,25.9,53.6,0.484,,,,,16.5,21.9,0.757,,35,,,,,21.7,68.4,64.7,6.98
486,1980,5,Villanova,31,20,11,0.645,8,6,,,,,,,,27.3,52,0.525,,,,,16.5,22.6,0.73,,31.8,,,,,18.8,71,66.7,6.92
487,1980,6,Syracuse,34,22,12,0.647,6,8,,,,,,,,29.8,56,0.533,,,,,17.7,23.6,0.75,,35.4,17.4,,,,22.2,77.4,71.8,8.73
488,1980,7,Seton Hall,27,11,16,0.407,4,10,,,,,,,,24.5,51.7,0.474,,,,,13.8,21,0.657,,30.2,8.9,7.3,2.7,14.6,19.5,62.8,62.4,0.85
489,1980,8,Providence,28,10,18,0.357,3,11,,,,,,,,25,54.8,0.456,,,,,14.4,20.1,0.715,,30.9,12.9,6.5,3.1,15.7,19.6,64.3,67,-2.1
490,1979,1,Georgetown,32,26,6,0.813,5,1,,,,,,,,31.2,58.5,0.534,,,,,17.7,24.2,0.729,,34.3,17.3,8.2,2,14,16.9,80.1,68.8,13.07
491,1979,2,St. John's (NY),29,24,5,0.828,5,1,,,,,,,,30.1,60,0.502,,,,,15.3,22.2,0.689,,39.6,14.7,10,4.4,17.2,,75.6,66.9,10.43
492,1979,3,Syracuse,30,26,4,0.867,5,1,,,,,,,,34.2,63.4,0.539,,,,,17.5,24.3,0.719,,40.9,20.5,,,,21.7,85.8,70.4,16.43
493,1979,4,UConn,29,20,9,0.69,3,3,,,,,,,,28.6,57.8,0.495,,,,,17.4,23.5,0.739,,36.4,17.6,9.2,,,20.9,74.6,69.9,3.37
494,1979,5,Boston College,29,19,10,0.655,2,4,,,,,,,,28.4,54.9,0.518,,,,,19.2,26.5,0.725,,35,,,,,21.3,76.1,68.9,5.92
495,1979,6,Seton Hall,27,14,13,0.519,1,5,,,,,,,,24.9,55.8,0.446,,,,,18.4,26.1,0.705,,33.1,8.8,9,3.5,18.3,,68.2,69.9,-2.87
496,1979,7,Providence,27,11,16,0.407,0,6,,,,,,,,25.7,56.8,0.452,,,,,11.7,17,0.689,,32.2,13.7,7.3,3,15.2,17.5,63.1,62.7,-0.03
