rowID,hpwren_timestamp,air_pressure,air_temp,avg_wind_direction,avg_wind_speed,max_wind_direction,max_wind_speed,min_wind_direction,min_wind_speed,rain_accumulation,rain_duration,relative_humidity
0,10-09-2011 00:00,912.3,64.76,97,1.2,106,1.6,85,1,,,60.5
1,10-09-2011 00:01,912.3,63.86,161,0.8,215,1.5,43,0.2,0,0,39.9
2,10-09-2011 00:02,912.3,64.22,77,0.7,143,1.2,324,0.3,0,0,43
3,10-09-2011 00:03,912.3,64.4,89,1.2,112,1.6,12,0.7,0,0,49.5
4,10-09-2011 00:04,912.3,64.4,185,0.4,260,1,100,0.1,0,0,58.8
5,10-09-2011 00:05,912.3,63.5,76,2.5,92,3,61,2,0,0,62.6
6,10-09-2011 00:06,912.3,62.78,79,2.4,89,2.7,62,2,0,0,65.6
7,10-09-2011 00:07,912.3,62.42,86,2,92,2.4,75,1.8,0,0,65.2
8,10-09-2011 00:08,912.3,62.24,105,1.4,125,1.9,82,1,0,0,65.8
9,10-09-2011 00:09,912.3,62.24,93,0.4,126,0.7,14,0.2,0,0,58.6
10,10-09-2011 00:10,912.3,62.24,144,1.2,167,1.8,115,0.6,0,0,38.5
11,10-09-2011 00:11,912.2,63.14,105,1.6,126,2,92,0.9,0,0,42.6
12,10-09-2011 00:12,912.2,64.04,116,1.8,143,2.7,104,1.1,0,0,45.3
13,10-09-2011 00:13,912.2,64.4,142,1.1,200,1.9,93,0.7,0,0,36.1
14,10-09-2011 00:14,912.2,64.94,150,1.3,173,2.1,117,0.8,0,0,33.2
15,10-09-2011 00:15,912.2,65.48,90,1.5,100,1.9,80,1.3,0,0,45.2
16,10-09-2011 00:16,912.3,65.48,91,0.7,168,1.2,26,0.4,0,0,55.9
17,10-09-2011 00:17,912.3,64.94,77,1.7,91,2.2,55,0.8,0,0,60.5
18,10-09-2011 00:18,912.3,64.04,107,1.9,116,2.4,95,1.5,0,0,61.8
19,10-09-2011 00:19,912.2,63.32,109,0.9,119,1.3,98,0.6,0,0,56
20,10-09-2011 00:20,912.2,63.32,100,2,122,2.5,91,1.5,0,0,58.3
21,10-09-2011 00:21,912.2,63.32,101,1.9,107,2.3,90,1.6,0,0,55.1
22,10-09-2011 00:22,912.2,63.32,96,1.4,119,1.9,87,1,0,0,57.5
23,10-09-2011 00:23,912.2,63.32,144,0.7,200,1.1,75,0.3,0,0,54.5
24,10-09-2011 00:24,912.2,63.5,103,1.6,134,1.8,79,1.3,0,0,45.7
25,10-09-2011 00:25,912.2,63.86,85,2.7,88,3.1,81,2.4,0,0,61.5
26,10-09-2011 00:26,912.2,63.68,85,2.6,103,3,70,1.8,0,0,62.9
27,10-09-2011 00:27,912.2,63.5,82,2.9,91,3.4,68,2.3,0,0,64.4
28,10-09-2011 00:28,912.2,63.14,86,2.9,94,3.3,67,2.1,0,0,65.2
29,10-09-2011 00:29,912.2,62.78,77,2.5,91,3,64,1.8,0,0,65.6
30,10-09-2011 00:30,912.2,62.6,91,2,103,2.4,71,1.4,0,0,57.9
31,10-09-2011 00:31,912.2,62.78,90,1.5,104,1.8,80,1.2,0,0,62
32,10-09-2011 00:32,912.2,62.96,79,2.9,84,3.4,73,2.5,0,0,61.7
33,10-09-2011 00:33,912.2,63.14,72,2.6,77,3,64,2.4,0,0,57.7
34,10-09-2011 00:34,912.2,63.14,83,2.9,86,3.2,79,2.5,0,0,63.5
35,10-09-2011 00:35,912.2,63.32,88,2.2,98,2.4,79,2,0,0,62.8
36,10-09-2011 00:36,912.2,63.32,94,2.3,99,2.6,86,1.5,0,0,59.6
37,10-09-2011 00:37,912.2,63.5,102,1.6,118,2.1,90,1.2,0,0,56.5
38,10-09-2011 00:38,912.2,63.86,81,2.3,91,2.7,77,1.9,0,0,57.2
39,10-09-2011 00:39,912.2,64.04,84,2.1,93,2.4,74,1.7,0,0,57.3
40,10-09-2011 00:40,912.2,64.04,81,2.6,88,2.9,68,1.4,0,0,57.4
41,10-09-2011 00:41,912.2,64.04,86,2.5,93,3.3,76,2.1,0,0,61.6
42,10-09-2011 00:42,912.2,63.86,85,2.5,90,2.8,80,2.2,0,0,58.2
43,10-09-2011 00:43,912.2,64.04,85,2.3,95,2.8,77,1.8,0,0,58.5
44,10-09-2011 00:44,912.2,64.04,85,2.2,92,2.3,72,1.8,0,0,54.6
45,10-09-2011 00:45,912.2,64.22,80,1.6,93,1.9,71,1.3,0,0,57.1
46,10-09-2011 00:46,912.1,64.22,76,2.9,77,3.1,75,2.7,0,0,57.1
47,10-09-2011 00:47,912.1,64.22,90,2.4,103,3,78,1.9,0,0,61.2
48,10-09-2011 00:48,912.2,64.22,90,2.8,94,3,85,2.3,0,0,62.5
49,10-09-2011 00:49,912.1,63.86,98,1.6,108,1.8,92,1.3,0,0,57.9
50,10-09-2011 00:50,912.1,63.68,102,1.2,119,1.5,92,1,0,0,51.4
51,10-09-2011 00:51,912.1,63.86,98,1,114,1.1,85,0.7,0,0,52.4
52,10-09-2011 00:52,912.1,64.22,77,1.3,80,1.6,73,1.1,0,0,52.5
53,10-09-2011 00:53,912.1,64.4,81,1.8,90,2.3,69,1.4,0,0,55.4
54,10-09-2011 00:54,912.1,64.58,74,2.2,83,2.5,69,2,0,0,58.3
55,10-09-2011 00:55,912.1,64.4,76,2.1,87,2.6,60,1.6,0,0,60.6
56,10-09-2011 00:56,912.1,64.04,88,1.4,99,1.7,78,1.1,0,0,60.1
57,10-09-2011 00:57,912.1,63.86,92,1.8,103,2.2,77,1.4,0,0,55.8
58,10-09-2011 00:58,912.1,63.86,104,1.5,117,1.8,82,1.2,0,0,57.8
59,10-09-2011 00:59,912,63.86,91,1.1,109,1.2,77,0.9,0,0,53
60,10-09-2011 01:00,912,64.04,83,0.7,101,0.9,73,0.5,0,0,51.4
61,10-09-2011 01:01,912,64.22,111,1.6,161,2,75,1.3,0,0,49.2
62,10-09-2011 01:02,912,64.58,72,2,80,2.6,63,1.4,0,0,48.4
63,10-09-2011 01:03,912,64.76,84,2.3,100,2.6,74,1.9,0,0,55
64,10-09-2011 01:04,912,64.76,88,2.2,90,2.5,86,1.9,0,0,55.8
65,10-09-2011 01:05,912,64.58,83,2.1,91,2.5,65,1.6,0,0,57.2
66,10-09-2011 01:06,912,64.4,93,1.8,108,2.3,81,1.4,0,0,56.6
67,10-09-2011 01:07,912,64.4,85,2.4,94,2.7,80,2.1,0,0,56.7
68,10-09-2011 01:08,912,64.4,74,2,89,2.6,59,1.4,0,0,58.4
69,10-09-2011 01:09,911.9,64.4,79,2,90,2.3,70,1.6,0,0,59.7
70,10-09-2011 01:10,911.9,64.22,82,2,97,2.4,69,1.7,0,0,62.2
71,10-09-2011 01:11,911.9,63.86,74,2.2,85,2.6,69,1.9,0,0,63.5
72,10-09-2011 01:12,911.9,63.5,78,2.9,90,3.6,69,1.6,0,0,64.7
73,10-09-2011 01:13,912,63.14,68,2.9,75,3.4,61,2.5,0,0,65.9
74,10-09-2011 01:14,912,62.78,70,2,88,2.3,56,1.8,0,0,68.1
75,10-09-2011 01:15,912,62.42,90,1.1,119,1.7,44,0.5,0,0,69.2
76,10-09-2011 01:16,912,62.06,35,1.1,53,1.4,16,0.9,0,0,69.6
77,10-09-2011 01:17,911.9,61.88,66,4,69,4.3,65,3.6,0,0,71.2
78,10-09-2011 01:18,911.9,61.7,64,4.1,66,4.3,63,3.5,0,0,71.7
79,10-09-2011 01:19,911.9,61.7,66,3.8,71,4.1,60,3.5,0,0,71.6
80,10-09-2011 01:20,911.9,61.7,67,3.3,70,3.5,63,3.1,0,0,71.5
81,10-09-2011 01:21,911.9,61.52,66,3.8,71,4.1,62,3.7,0,0,71.4
82,10-09-2011 01:22,911.9,61.7,64,3.7,67,4.1,60,3.4,0,0,72.1
83,10-09-2011 01:23,911.9,61.7,66,3.3,71,3.7,55,3,0,0,72.4
84,10-09-2011 01:24,911.9,61.7,76,2.8,95,3.2,67,2.1,0,0,72.1
85,10-09-2011 01:25,912,61.52,78,0.5,159,0.8,40,0.2,0,0,71.9
86,10-09-2011 01:26,911.9,61.34,96,1.1,112,1.3,86,0.8,0,0,70.4
87,10-09-2011 01:27,911.9,60.98,77,2.9,80,3.4,70,2.3,0,0,72.3
88,10-09-2011 01:28,911.9,60.98,66,3.9,72,4.3,63,3.4,0,0,73.2
89,10-09-2011 01:29,911.9,61.16,67,3.4,73,3.9,62,2.9,0,0,73.1
90,10-09-2011 01:30,911.9,61.34,67,3.6,75,4.2,62,3.1,0,0,72.5
91,10-09-2011 01:31,911.9,61.52,70,3.5,74,3.9,63,3.2,0,0,72.1
92,10-09-2011 01:32,911.9,61.7,71,3.1,79,4.2,63,2.4,0,0,71.3
93,10-09-2011 01:33,911.9,62.06,79,3.3,87,3.8,69,2.6,0,0,70
94,10-09-2011 01:34,911.9,62.24,76,3.1,89,3.4,64,2.6,0,0,69.2
95,10-09-2011 01:35,911.9,62.42,73,2.2,78,2.8,65,1.8,0,0,69
96,10-09-2011 01:36,911.9,62.6,68,2.4,75,3,60,2.1,0,0,68.7
97,10-09-2011 01:37,911.8,62.6,74,2.1,80,2.5,62,1.7,0,0,68.8
98,10-09-2011 01:38,911.8,62.78,79,2.6,91,3.1,69,2.3,0,0,67.7
99,10-09-2011 01:39,911.8,62.78,86,2.5,91,3,81,2.1,0,0,64.8
100,10-09-2011 01:40,911.8,62.96,95,2.3,106,2.5,88,1.9,0,0,63.9
101,10-09-2011 01:41,911.9,63.32,90,2.3,103,2.7,83,1.7,0,0,63.8
102,10-09-2011 01:42,911.8,63.5,90,1.9,95,2.3,82,1.5,0,0,59.7
103,10-09-2011 01:43,911.8,63.68,89,1.9,97,2.2,84,1.6,0,0,60
104,10-09-2011 01:44,911.8,63.86,94,1.6,100,1.9,87,1.1,0,0,58.7
105,10-09-2011 01:45,911.8,64.04,90,1.7,101,1.9,79,1.4,0,0,56.6
106,10-09-2011 01:46,911.9,64.22,79,2.1,89,2.4,65,1.8,0,0,58.2
107,10-09-2011 01:47,911.8,64.22,87,1.7,100,2.5,67,1.1,0,0,60.7
108,10-09-2011 01:48,911.8,64.22,87,1.3,132,2,74,0.7,0,0,61.3
109,10-09-2011 01:49,911.8,64.22,93,1.6,100,2,83,1.4,0,0,58.5
110,10-09-2011 01:50,911.8,64.22,83,2.1,88,2.5,80,1.6,0,0,59.1
111,10-09-2011 01:51,911.8,64.4,81,1.6,87,1.9,73,1.4,0,0,60.4
112,10-09-2011 01:52,911.8,64.4,87,2,91,2.2,82,1.8,0,0,60.5
113,10-09-2011 01:53,911.8,64.22,89,1.9,94,2.1,85,1.7,0,0,57.8
114,10-09-2011 01:54,911.8,64.4,79,2.1,99,2.6,69,1.7,0,0,59.4
115,10-09-2011 01:55,911.8,64.4,70,1.8,80,2.3,61,1.4,0,0,62
116,10-09-2011 01:56,911.8,64.4,76,2.4,81,3,60,1.9,0,0,63.1
117,10-09-2011 01:57,911.8,64.22,71,1.9,77,2.4,66,1.3,0,0,62.5
118,10-09-2011 01:58,911.8,64.04,70,1.9,75,2.5,67,1.4,0,0,63.3
119,10-09-2011 01:59,911.8,64.04,75,2.5,81,2.9,66,2.3,0,0,63.7
120,10-09-2011 02:00,911.8,63.86,68,2.1,76,2.4,62,1.8,0,0,63.5
121,10-09-2011 02:01,911.8,63.86,74,2.6,82,2.9,69,2.2,0,0,63.6
122,10-09-2011 02:02,911.8,63.68,82,2.2,95,2.6,71,1.5,0,0,62.9
123,10-09-2011 02:03,911.7,63.68,78,2.2,89,2.9,68,1.6,0,0,60.9
124,10-09-2011 02:04,911.7,63.86,84,2.2,93,2.6,74,1.8,0,0,61.6
125,10-09-2011 02:05,911.7,63.86,72,2,81,2.4,61,1.3,0,0,61.7
126,10-09-2011 02:06,911.7,63.86,102,1.3,111,1.5,91,1.1,0,0,59.8
127,10-09-2011 02:07,911.6,63.86,105,0.8,117,1.1,94,0.4,0,0,57
128,10-09-2011 02:08,911.6,64.04,103,1,111,1.3,98,0.7,0,0,55.3
129,10-09-2011 02:09,911.6,64.22,114,0.7,144,1,92,0.4,0,0,53.4
130,10-09-2011 02:10,911.6,64.4,156,0.5,203,0.7,119,0.3,0,0,50.4
131,10-09-2011 02:11,911.5,64.4,147,0.7,173,0.9,125,0.5,0,0,45.2
132,10-09-2011 02:12,911.5,64.76,152,1.2,171,1.8,116,0.6,0,0,45.6
133,10-09-2011 02:13,911.5,65.12,174,1.1,202,1.5,156,0.7,0,0,46.2
134,10-09-2011 02:14,911.5,65.48,162,0.7,203,0.9,127,0.3,0,0,45.2
135,10-09-2011 02:15,911.5,65.66,128,0.6,143,1,99,0.2,0,0,42.9
136,10-09-2011 02:16,911.5,65.84,121,0.7,159,0.8,95,0.6,0,0,44.2
137,10-09-2011 02:17,911.5,65.84,99,0.8,121,1,87,0.6,0,0,52.8
138,10-09-2011 02:18,911.5,65.66,82,1,105,1.2,65,0.9,0,0,51
139,10-09-2011 02:19,911.5,65.66,72,1.5,78,1.7,63,1.4,0,0,56.9
140,10-09-2011 02:20,911.5,65.3,85,2.2,92,2.5,72,2,0,0,58
141,10-09-2011 02:21,911.5,64.94,76,2.1,93,2.5,60,1.6,0,0,59.2
142,10-09-2011 02:22,911.5,64.58,87,2,102,2.3,59,1.7,0,0,59.9
143,10-09-2011 02:23,911.5,64.22,101,2.4,106,2.8,91,2,0,0,61.2
144,10-09-2011 02:24,911.5,64.04,83,1.8,94,2.2,67,1.5,0,0,61
145,10-09-2011 02:25,911.5,63.86,104,1.3,122,1.8,81,0.8,0,0,60.4
146,10-09-2011 02:26,911.4,63.86,110,1,136,1.2,81,0.8,0,0,57.1
147,10-09-2011 02:27,911.4,64.04,103,0.5,125,0.9,86,0.2,0,0,54.8
148,10-09-2011 02:28,911.4,64.04,103,0.4,143,0.7,78,0.1,0,0,51.9
149,10-09-2011 02:29,911.4,64.22,135,0.6,169,0.8,64,0.2,0,0,48.6
150,10-09-2011 02:30,911.4,64.58,154,1.3,176,2.1,113,0.8,0,0,50.2
151,10-09-2011 02:31,911.3,64.76,149,0.8,188,1.5,123,0.3,0,0,46.8
152,10-09-2011 02:32,911.3,64.94,162,1.6,179,2.5,148,1,0,0,47.5
153,10-09-2011 02:33,911.3,65.3,152,1.4,174,1.9,137,0.8,0,0,45.5
154,10-09-2011 02:34,911.3,65.48,170,1.3,220,2.3,126,0.6,0,0,45.4
155,10-09-2011 02:35,911.3,65.66,170,2.1,184,2.9,158,1.4,0,0,47.9
156,10-09-2011 02:36,911.4,65.66,170,1.5,227,2.5,153,0.6,0,0,49.8
157,10-09-2011 02:37,911.4,65.48,144,1,166,1.5,116,0.6,0,0,47.4
158,10-09-2011 02:38,911.4,65.48,159,1.2,185,1.9,111,0.7,0,0,46.8
159,10-09-2011 02:39,911.4,65.48,143,0.7,188,1.8,101,0.2,0,0,47
160,10-09-2011 02:40,911.4,65.48,154,0.9,208,1.9,100,0.3,0,0,46.2
161,10-09-2011 02:41,911.4,65.48,146,1.2,179,1.7,86,0.7,0,0,45.8
162,10-09-2011 02:42,911.4,65.66,160,0.8,214,1.1,102,0.4,0,0,46.4
163,10-09-2011 02:43,911.4,65.66,148,0.6,171,1.2,130,0.3,0,0,46.6
164,10-09-2011 02:44,911.4,65.66,146,0.9,207,1.7,102,0.4,0,0,46.5
165,10-09-2011 02:45,911.4,65.66,131,0.7,145,0.9,118,0.4,0,0,46.2
166,10-09-2011 02:46,911.4,65.66,162,1.1,190,1.7,133,0.5,0,0,45.6
167,10-09-2011 02:47,911.4,65.66,134,0.5,178,0.7,96,0.1,0,0,45.8
168,10-09-2011 02:48,911.4,65.66,108,0.7,174,1.6,31,0.1,0,0,45.3
169,10-09-2011 02:49,911.5,65.66,114,0.5,135,0.8,97,0.3,0,0,45.2
170,10-09-2011 02:50,911.5,65.66,95,1.1,109,1.6,70,0.7,0,0,45.2
171,10-09-2011 02:51,911.5,65.66,116,1,167,1.6,78,0.4,0,0,45.4
172,10-09-2011 02:52,911.5,65.66,123,1,158,1.5,63,0.3,0,0,46.1
173,10-09-2011 02:53,911.5,65.66,117,1.5,130,2,104,1,0,0,45.6
174,10-09-2011 02:54,911.5,65.66,95,0.2,129,0.4,66,0.1,0,0,46.1
175,10-09-2011 02:55,911.5,65.66,117,1.5,140,1.9,100,1,0,0,45.8
176,10-09-2011 02:56,911.5,65.66,116,1.4,143,1.7,82,1,0,0,45.6
177,10-09-2011 02:57,911.5,65.66,155,0.6,219,0.9,96,0.2,0,0,45.3
178,10-09-2011 02:58,911.4,65.66,88,0.6,128,0.9,347,0.2,0,0,44.9
179,10-09-2011 02:59,911.4,65.66,77,0.7,141,1.2,37,0.3,0,0,44.4
180,10-09-2011 03:00,911.4,65.66,155,1.1,167,1.6,124,0.7,0,0,42.8
181,10-09-2011 03:01,911.4,65.84,106,2,114,2.3,99,1.8,0,0,42.2
182,10-09-2011 03:02,911.4,66.02,105,1.8,117,2.2,93,1.5,0,0,44
183,10-09-2011 03:03,911.4,66.2,114,1.7,123,2.1,99,1.3,0,0,43.4
184,10-09-2011 03:04,911.4,66.2,114,2.1,124,2.6,107,1.7,0,0,40.2
185,10-09-2011 03:05,911.4,66.38,138,1.3,189,2.2,92,0.7,0,0,36.8
186,10-09-2011 03:06,911.4,66.56,115,0.5,137,0.8,98,0.2,0,0,36.9
187,10-09-2011 03:07,911.4,66.92,135,1.1,164,1.6,113,0.6,0,0,37.4
188,10-09-2011 03:08,911.4,66.92,165,1.2,194,1.9,128,0.8,0,0,37.6
189,10-09-2011 03:09,911.4,67.1,169,1.6,191,2.5,147,0.8,0,0,36.8
190,10-09-2011 03:10,911.4,67.1,157,1.2,172,1.6,135,0.8,0,0,36.8
191,10-09-2011 03:11,911.3,67.28,161,1.1,177,1.4,140,0.4,0,0,35.6
192,10-09-2011 03:12,911.3,67.28,150,0.9,167,1.7,121,0.4,0,0,33.7
193,10-09-2011 03:13,911.3,67.46,146,0.8,194,1.6,104,0.2,0,0,33.2
194,10-09-2011 03:14,911.3,67.46,146,1,168,1.3,116,0.7,0,0,32.9
195,10-09-2011 03:15,911.3,67.64,165,0.9,183,1.7,141,0.5,0,0,33.3
196,10-09-2011 03:16,911.3,67.64,153,0.4,219,0.8,80,0.2,0,0,32.4
197,10-09-2011 03:17,911.4,67.64,96,1.6,116,1.9,81,1.3,0,0,31.8
198,10-09-2011 03:18,911.4,67.82,104,1.9,116,2.2,94,1.5,0,0,31.3
199,10-09-2011 03:19,911.4,67.82,78,0.2,120,0.5,29,0,0,0,31.8
200,10-09-2011 03:20,911.4,68,53,0.3,69,0.5,19,0.2,0,0,33.4
201,10-09-2011 03:21,911.4,67.82,68,1.2,75,1.7,60,0.9,0,0,36.1
202,10-09-2011 03:22,911.4,67.82,59,1.3,64,1.5,55,1.1,0,0,38.1
203,10-09-2011 03:23,911.4,67.64,73,1.4,80,1.7,61,1.2,0,0,39.3
204,10-09-2011 03:24,911.3,67.46,99,0.8,116,1,93,0.6,0,0,39
205,10-09-2011 03:25,911.3,67.28,172,0.5,243,1.1,43,0.1,0,0,37.5
206,10-09-2011 03:26,911.3,67.28,164,1.5,177,2,150,1.1,0,0,36.4
207,10-09-2011 03:27,911.3,67.28,162,1.3,174,1.9,139,0.3,0,0,35
208,10-09-2011 03:28,911.3,67.46,158,0.9,177,1.7,133,0.3,0,0,34.8
209,10-09-2011 03:29,911.3,67.64,170,0.9,230,1.6,134,0.3,0,0,34.7
210,10-09-2011 03:30,911.3,67.64,167,1.5,196,2.2,151,0.6,0,0,34.4
211,10-09-2011 03:31,911.3,67.64,166,1.7,174,2.3,150,0.9,0,0,35.1
212,10-09-2011 03:32,911.3,67.64,172,1.8,185,2.2,161,1.4,0,0,33.9
213,10-09-2011 03:33,911.3,67.82,170,2.5,178,3,165,1.5,0,0,33.8
214,10-09-2011 03:34,911.3,67.82,146,0.9,185,1.2,110,0.4,0,0,34.6
215,10-09-2011 03:35,911.3,67.82,119,0.3,236,0.5,32,0.1,0,0,34.3
216,10-09-2011 03:36,911.4,67.82,104,0.3,135,0.5,85,0.1,0,0,34
217,10-09-2011 03:37,911.3,67.82,169,1,199,1.5,145,0.4,0,0,33.5
218,10-09-2011 03:38,911.3,67.82,170,1.6,177,2,163,0.6,0,0,33.6
219,10-09-2011 03:39,911.3,67.82,165,0.8,196,1.3,125,0.3,0,0,34.1
220,10-09-2011 03:40,911.4,67.82,4,0.6,25,0.7,348,0.4,0,0,34.2
221,10-09-2011 03:41,911.4,67.82,29,0.4,76,0.5,0,0.3,0,0,35
222,10-09-2011 03:42,911.4,67.64,314,0.3,335,0.4,270,0.2,0,0,34.9
223,10-09-2011 03:43,911.4,67.64,139,0.5,175,0.9,106,0.3,0,0,34.9
224,10-09-2011 03:44,911.4,67.64,173,1.7,185,2.1,162,1.1,0,0,36.3
225,10-09-2011 03:45,911.4,67.46,163,1,177,1.4,144,0.6,0,0,39.4
226,10-09-2011 03:46,911.5,67.28,115,0.2,134,0.4,98,0.1,0,0,40.1
227,10-09-2011 03:47,911.5,67.1,94,0.1,135,0.2,314,0,0,0,40.3
228,10-09-2011 03:48,911.5,66.92,62,0.4,64,0.5,58,0.3,0,0,40.8
229,10-09-2011 03:49,911.5,66.92,149,0.4,205,0.7,25,0.1,0,0,40.4
230,10-09-2011 03:50,911.4,66.74,172,1.3,192,1.9,161,0.9,0,0,37.8
231,10-09-2011 03:51,911.4,66.92,174,1.2,183,1.6,162,0.9,0,0,38.6
232,10-09-2011 03:52,911.4,67.1,181,0.6,214,1.2,136,0.1,0,0,39.5
233,10-09-2011 03:53,911.4,67.1,122,0.2,195,0.3,88,0.1,0,0,38.6
234,10-09-2011 03:54,911.4,67.1,140,0.4,195,0.5,111,0.2,0,0,38.3
235,10-09-2011 03:55,911.4,67.1,159,0.7,179,1.1,125,0.2,0,0,38.1
236,10-09-2011 03:56,911.4,67.1,170,1.8,193,2.1,159,1.4,0,0,40
237,10-09-2011 03:57,911.3,66.92,175,1.6,184,1.9,168,1.4,0,0,39.9
238,10-09-2011 03:58,911.3,66.92,188,1.4,194,1.7,181,1.2,0,0,40.9
239,10-09-2011 03:59,911.3,66.74,208,0.5,224,0.7,200,0.2,0,0,41.2
240,10-09-2011 04:00,911.4,66.56,39,0.2,145,0.3,343,0,0,0,41.6
241,10-09-2011 04:01,911.4,66.38,23,0.8,29,1,16,0.7,0,0,41.7
242,10-09-2011 04:02,911.4,66.38,23,0.7,36,0.8,10,0.5,0,0,41.6
243,10-09-2011 04:03,911.4,66.2,44,0.5,86,0.8,338,0.1,0,0,42.4
244,10-09-2011 04:04,911.4,66.2,48,0.8,57,0.9,40,0.6,0,0,43.7
245,10-09-2011 04:05,911.4,66.02,59,0.7,63,0.8,52,0.6,0,0,42.1
246,10-09-2011 04:06,911.4,65.84,64,1,70,1.1,56,1,0,0,44.5
247,10-09-2011 04:07,911.4,65.66,80,1.2,99,1.6,65,0.8,0,0,44
248,10-09-2011 04:08,911.4,65.48,77,1,85,1.2,68,0.8,0,0,43.1
249,10-09-2011 04:09,911.4,65.48,62,1.3,66,1.5,59,1.2,0,0,42.6
250,10-09-2011 04:10,911.4,65.66,56,1.9,67,2.2,44,1.7,0,0,51.8
251,10-09-2011 04:11,911.4,65.48,60,1.9,63,2,57,1.8,0,0,54.6
252,10-09-2011 04:12,911.4,65.12,68,1.6,71,1.7,68,1.5,0,0,56.6
253,10-09-2011 04:13,911.4,64.94,77,1.7,78,1.8,77,1.6,0,0,56.3
254,10-09-2011 04:14,911.4,64.58,93,1.1,96,1.2,89,0.9,0,0,56
255,10-09-2011 04:15,911.4,64.4,129,0.3,148,0.5,109,0.2,0,0,47.8
256,10-09-2011 04:16,911.3,64.58,158,0.4,237,0.7,113,0.1,0,0,44.1
257,10-09-2011 04:17,911.3,64.94,152,0.7,178,0.9,110,0.3,0,0,43.1
258,10-09-2011 04:18,911.4,65.12,142,0.5,180,0.8,105,0.3,0,0,42.3
259,10-09-2011 04:19,911.4,65.48,98,0.7,119,0.8,77,0.5,0,0,41.6
260,10-09-2011 04:20,911.5,65.66,74,0.8,101,1.2,57,0.4,0,0,41.1
261,10-09-2011 04:21,911.5,65.84,65,1.1,79,1.4,50,0.9,0,0,42.2
262,10-09-2011 04:22,911.5,65.84,83,0.8,98,1.1,68,0.6,0,0,41.4
263,10-09-2011 04:23,911.4,66.02,116,0.6,127,0.7,95,0.5,0,0,41.8
264,10-09-2011 04:24,911.4,66.02,130,0.4,158,0.7,97,0.2,0,0,41.6
265,10-09-2011 04:25,911.4,66.02,171,1.7,185,1.9,155,1.4,0,0,38.5
266,10-09-2011 04:26,911.3,66.2,165,2,182,2.2,160,1.7,0,0,36.7
267,10-09-2011 04:27,911.4,66.56,161,1.2,169,1.6,152,0.6,0,0,35.5
268,10-09-2011 04:28,911.4,66.74,156,1.2,168,2,128,0.5,0,0,36.5
269,10-09-2011 04:29,911.3,66.74,156,1,186,1.5,116,0.5,0,0,36.7
270,10-09-2011 04:30,911.4,66.92,147,0.9,174,1.1,113,0.7,0,0,36
271,10-09-2011 04:31,911.4,66.92,161,1.1,187,1.6,124,0.7,0,0,36.7
272,10-09-2011 04:32,911.4,66.92,263,0.2,332,0.4,212,0.1,0,0,37
273,10-09-2011 04:33,911.4,66.92,96,0.9,116,1.1,76,0.3,0,0,37.4
274,10-09-2011 04:34,911.4,66.74,51,2.2,56,2.5,43,2,0,0,38
275,10-09-2011 04:35,911.4,66.74,51,2.5,55,2.8,47,2.1,0,0,42.2
276,10-09-2011 04:36,911.4,66.56,48,2.9,59,3.4,36,2.2,0,0,51.6
277,10-09-2011 04:37,911.3,65.12,87,1.2,94,1.3,80,1.1,0,0,47.7
278,10-09-2011 04:38,911.3,64.58,131,0.7,182,1.1,93,0.3,0,0,42.6
279,10-09-2011 04:39,911.3,64.58,43,0.1,156,0.5,326,0,0,0,43.2
280,10-09-2011 04:40,911.3,64.76,73,1,82,1.2,68,0.8,0,0,43.3
281,10-09-2011 04:41,911.4,64.94,106,1.2,115,1.3,95,1,0,0,42.6
282,10-09-2011 04:42,911.3,65.12,169,1,184,1.5,158,0.6,0,0,43.2
283,10-09-2011 04:43,911.3,65.3,165,1.3,172,1.6,152,0.8,0,0,41.7
284,10-09-2011 04:44,911.3,65.48,107,0.6,116,0.9,99,0.3,0,0,40.7
285,10-09-2011 04:45,911.4,65.84,55,1.7,60,2,49,1.4,0,0,41.3
286,10-09-2011 04:46,911.4,65.84,55,2.4,61,2.8,50,2,0,0,42
287,10-09-2011 04:47,911.4,66.02,49,3.3,58,3.6,45,3,0,0,47.6
288,10-09-2011 04:48,911.4,65.66,59,2.6,67,3,51,2.5,0,0,49.6
289,10-09-2011 04:49,911.4,65.12,91,1.6,104,1.9,83,1.3,0,0,49.4
290,10-09-2011 04:50,911.3,64.94,164,1.3,176,1.7,146,0.8,0,0,43
291,10-09-2011 04:51,911.2,65.12,173,2.7,181,3.1,166,2.3,0,0,42
292,10-09-2011 04:52,911.1,65.66,197,1.9,208,2.1,187,1.7,0,0,49.4
293,10-09-2011 04:53,911.1,64.94,183,2.6,185,2.7,181,2.5,0,0,43.7
294,10-09-2011 04:54,911.1,64.94,181,2.3,187,2.5,174,1.9,0,0,41
295,10-09-2011 04:55,911.2,65.48,128,0.6,151,0.9,56,0.5,0,0,41.5
296,10-09-2011 04:56,911.3,65.66,74,1.6,77,1.9,65,1.4,0,0,39.7
297,10-09-2011 04:57,911.3,65.84,72,1.9,78,2.2,69,1.4,0,0,37.6
298,10-09-2011 04:58,911.3,65.66,79,1.5,93,1.8,66,1.1,0,0,45.5
299,10-09-2011 04:59,911.4,65.3,193,1.9,209,2.1,185,1.5,0,0,46.7
300,10-09-2011 05:00,911.4,64.22,191,2.8,197,2.9,185,2.6,0,0,58.2
301,10-09-2011 05:01,911.3,61.52,205,1.2,211,1.4,199,0.9,0,0,62.9
302,10-09-2011 05:02,911.3,59.54,126,1,137,1.2,117,0.7,0,0,62.9
303,10-09-2011 05:03,911.3,58.64,133,0.4,160,0.6,113,0.3,0,0,52.4
304,10-09-2011 05:04,911.3,59.36,94,1.1,108,1.2,83,0.9,0,0,51.2
305,10-09-2011 05:05,911.3,60.44,65,1.7,68,1.9,60,1.5,0,0,48
306,10-09-2011 05:06,911.3,61.34,73,1.6,76,1.8,70,1.5,0,0,47.1
307,10-09-2011 05:07,911.4,62.24,55,2.4,64,2.6,46,2,0,0,51.4
308,10-09-2011 05:08,911.4,62.78,71,2.2,74,2.3,67,2.1,0,0,50.8
309,10-09-2011 05:09,911.4,62.96,72,1.9,75,2,69,1.7,0,0,50.4
310,10-09-2011 05:10,911.3,63.32,59,1.8,61,2,55,1.6,0,0,48.6
311,10-09-2011 05:11,911.3,63.5,55,1.5,58,1.6,53,1.4,0,0,48.8
312,10-09-2011 05:12,911.3,63.68,57,1.6,63,1.8,52,1.4,0,0,50.3
313,10-09-2011 05:13,911.3,63.86,57,1.4,62,1.6,52,1.2,0,0,51.1
314,10-09-2011 05:14,911.3,63.86,59,1.6,62,1.7,56,1.4,0,0,51.2
315,10-09-2011 05:15,911.3,63.86,60,1.4,64,1.5,58,1.2,0,0,49.6
316,10-09-2011 05:16,911.3,64.04,70,1.7,73,1.8,67,1.6,0,0,52.8
317,10-09-2011 05:17,911.3,64.04,79,1.3,80,1.5,77,1.2,0,0,51.6
318,10-09-2011 05:18,911.3,64.04,135,0.7,174,0.9,116,0.4,0,0,48.2
319,10-09-2011 05:19,911.4,64.22,166,1.5,187,1.8,149,1,0,0,44.8
320,10-09-2011 05:20,911.4,64.58,164,1.2,174,1.5,155,0.9,0,0,43.9
321,10-09-2011 05:21,911.4,64.94,82,0.7,95,0.9,63,0.5,0,0,44.3
322,10-09-2011 05:22,911.4,65.12,52,0.6,65,0.7,18,0.4,0,0,42.9
323,10-09-2011 05:23,911.4,65.3,166,1,174,1.4,153,0.7,0,0,42.6
324,10-09-2011 05:24,911.4,65.3,168,2,173,2.3,162,1.8,0,0,42.1
325,10-09-2011 05:25,911.4,65.48,166,2.7,169,2.9,164,2.4,0,0,41.7
326,10-09-2011 05:26,911.4,65.66,181,1.6,189,2.1,175,1.3,0,0,42.2
327,10-09-2011 05:27,911.4,65.84,165,2.1,169,2.4,156,1.2,0,0,41
328,10-09-2011 05:28,911.4,65.84,166,1.9,171,2.1,157,1.7,0,0,41.9
329,10-09-2011 05:29,911.3,66.02,160,0.9,176,1.1,140,0.6,0,0,39.4
330,10-09-2011 05:30,911.3,66.02,168,1.7,171,2.1,158,1.2,0,0,33.2
331,10-09-2011 05:31,911.3,66.2,173,2.7,176,2.9,170,2.5,0,0,31.7
332,10-09-2011 05:32,911.3,66.56,181,3.1,184,3.3,175,2.9,0,0,29
333,10-09-2011 05:33,911.3,66.92,185,2.6,193,2.9,179,1.9,0,0,31.1
334,10-09-2011 05:34,911.4,66.74,197,1.7,204,2,188,1.3,0,0,52.2
335,10-09-2011 05:35,911.4,64.58,105,1.1,109,1.3,99,0.8,0,0,55.7
336,10-09-2011 05:36,911.4,62.6,110,1.5,115,1.6,101,1.3,0,0,44
337,10-09-2011 05:37,911.4,62.96,92,0.8,104,1,70,0.6,0,0,44.6
338,10-09-2011 05:38,911.4,63.32,79,0.7,96,1,62,0.4,0,0,40.9
339,10-09-2011 05:39,911.4,63.68,197,0.6,215,0.9,166,0.2,0,0,39.6
340,10-09-2011 05:40,911.5,63.5,191,2.7,203,2.9,184,2.5,0,0,59.1
341,10-09-2011 05:41,911.5,61.16,209,1.1,215,1.4,203,0.9,0,0,63.7
342,10-09-2011 05:42,911.5,59.18,79,1.5,93,1.7,68,1,0,0,65.7
343,10-09-2011 05:43,911.5,58.46,37,1.8,53,2.3,6,1.2,0,0,57.9
344,10-09-2011 05:44,911.6,58.64,11,1.4,21,1.9,4,1,0,0,68.8
345,10-09-2011 05:45,911.7,57.92,73,1.6,84,2.2,56,1.1,0,0,71.1
346,10-09-2011 05:46,911.6,57.2,359,1.4,8,1.9,347,0.8,0,0,73
347,10-09-2011 05:47,911.5,56.3,47,0.4,55,0.6,30,0.3,0,0,75.6
348,10-09-2011 05:48,911.5,55.94,160,0.4,174,0.6,142,0.2,0,0,75.1
349,10-09-2011 05:49,911.5,56.12,194,2,198,2.2,188,1.8,0,0,76.5
350,10-09-2011 05:50,911.5,55.94,189,1.5,196,1.9,180,1.3,0,0,77.9
351,10-09-2011 05:51,911.6,55.58,185,1.9,193,2.2,178,1.6,0,0,78.9
352,10-09-2011 05:52,911.7,55.22,189,1.2,196,1.5,179,0.8,0,0,79.8
353,10-09-2011 05:53,911.7,54.86,73,1.7,80,1.9,64,1.6,0,0,81.3
354,10-09-2011 05:54,911.7,54.68,46,1.9,51,2.3,41,1.5,0,0,82.3
355,10-09-2011 05:55,911.7,54.5,35,2.2,43,2.4,30,1.8,0,0,83.1
356,10-09-2011 05:56,911.7,54.32,49,0.4,89,0.6,1,0.3,0,0,83.8
357,10-09-2011 05:57,911.8,54.32,200,1.6,214,1.9,186,1.3,0,0,84.3
358,10-09-2011 05:58,911.8,54.14,190,2.3,195,2.9,183,1.8,0,0,84.5
359,10-09-2011 05:59,911.7,53.96,196,1.7,209,1.9,185,1.4,0,0,84.9
360,10-09-2011 06:00,911.7,53.78,212,1.3,226,1.5,194,0.9,0,0,85.4
361,10-09-2011 06:01,911.7,53.78,194,1.9,199,2.1,189,1.5,0,0,85.8
362,10-09-2011 06:02,911.7,53.6,196,2,203,2.3,189,1.8,0,0,86
363,10-09-2011 06:03,911.7,53.42,201,2.2,213,2.8,186,1.9,0,0,86.4
364,10-09-2011 06:04,911.7,53.42,192,2.1,196,2.5,186,1.8,0,0,86.7
365,10-09-2011 06:05,911.7,53.24,186,2.5,189,2.9,184,2.3,0,0,86.7
366,10-09-2011 06:06,911.8,53.06,214,1.1,217,1.3,209,0.8,0,0,86.9
367,10-09-2011 06:07,911.8,52.88,17,0.3,36,0.5,323,0.1,0,0,87.3
368,10-09-2011 06:08,911.8,52.88,69,0.3,142,0.4,358,0.1,0,0,87.6
369,10-09-2011 06:09,911.8,52.88,305,0.5,316,0.6,289,0.3,0,0,88.1
370,10-09-2011 06:10,911.9,53.06,243,0.1,289,0.2,192,0,0,0,88.3
371,10-09-2011 06:11,911.9,53.06,85,0.2,167,0.4,12,0.1,0,0,88.5
372,10-09-2011 06:12,911.9,53.24,44,1.3,51,1.6,34,1.1,0,0,88.7
373,10-09-2011 06:13,911.9,53.24,47,2.4,51,2.6,42,2.2,0,0,88.8
374,10-09-2011 06:14,911.9,53.24,44,2.1,52,2.3,38,1.9,0,0,88.8
375,10-09-2011 06:15,911.9,53.06,83,0.5,114,0.8,69,0.3,0,0,88.7
376,10-09-2011 06:16,911.9,53.06,193,2.6,202,2.8,187,2.4,0,0,88.9
377,10-09-2011 06:17,911.9,53.06,182,1.5,191,1.7,173,1.4,0,0,88.8
378,10-09-2011 06:18,911.8,52.88,65,1.5,70,1.8,59,1.3,0,0,89
379,10-09-2011 06:19,911.9,53.06,31,1.7,38,2,27,1.6,0,0,89.3
380,10-09-2011 06:20,911.9,53.24,24,1.3,46,1.5,8,1.1,0,0,89.2
381,10-09-2011 06:21,911.9,53.24,6,0.9,53,1.3,343,0.6,0,0,89.1
382,10-09-2011 06:22,912,53.06,29,0.7,56,1.1,348,0.5,0,0,89.1
383,10-09-2011 06:23,912,53.06,172,1,202,1.2,146,0.8,0,0,89.2
384,10-09-2011 06:24,912,53.06,185,0.9,195,1,171,0.7,0,0,89.3
385,10-09-2011 06:25,912,53.24,301,0.9,315,1.2,280,0.7,0,0,89.4
386,10-09-2011 06:26,912,53.24,32,1.8,43,2,27,1.5,0,0,89.4
387,10-09-2011 06:27,912,53.06,34,2.6,38,2.8,32,2.3,0,0,89.3
388,10-09-2011 06:28,912,52.88,54,1.9,63,2.1,49,1.6,0,0,89.2
389,10-09-2011 06:29,912.1,52.88,228,1,243,1.4,182,0.2,0,0,89.4
390,10-09-2011 06:30,912.1,52.88,211,1.7,226,2.1,198,1.1,0,0,89.6
391,10-09-2011 06:31,912.1,53.06,202,0.9,211,1.2,193,0.7,0,0,89.7
392,10-09-2011 06:32,912,52.88,180,0.2,243,0.5,137,0,0,0,89.6
393,10-09-2011 06:33,912,52.88,46,0.6,62,0.7,21,0.4,0,0,89.7
394,10-09-2011 06:34,912.1,53.06,169,0.3,217,0.5,116,0.1,0,0,89.8
395,10-09-2011 06:35,912.1,53.06,184,0.4,197,0.6,172,0.3,0,0,89.9
396,10-09-2011 06:36,912.1,53.06,15,1.3,33,1.6,2,1.2,0,0,89.9
397,10-09-2011 06:37,912,53.06,22,2.4,31,2.6,16,2.1,0,0,89.7
398,10-09-2011 06:38,912,52.7,27,1.9,33,2.1,20,1.7,0,0,89.5
399,10-09-2011 06:39,912.1,52.7,105,0.9,124,1.4,57,0.5,0,0,89.6
400,10-09-2011 06:40,912.2,52.7,181,1.5,191,2,164,1.2,0,0,89.8
401,10-09-2011 06:41,912.1,52.88,329,0.3,57,0.5,264,0.1,0,0,90
402,10-09-2011 06:42,912.1,52.88,45,1.4,87,1.7,3,0.8,0,0,90
403,10-09-2011 06:43,912.2,52.88,95,0.3,111,0.5,85,0.2,0,0,90
404,10-09-2011 06:44,912.2,52.88,237,1,247,1.2,222,0.8,0,0,90.1
405,10-09-2011 06:45,912.2,52.88,207,0.5,218,0.9,189,0.3,0,0,90.2
406,10-09-2011 06:46,912.2,53.06,201,0.6,244,1.1,153,0.3,0,0,90.3
407,10-09-2011 06:47,912.3,53.06,193,0.1,304,0.2,123,0,0,0,90.3
408,10-09-2011 06:48,912.2,53.24,258,0.2,345,0.5,192,0,0,0,90.4
409,10-09-2011 06:49,912.2,53.24,18,0.1,102,0.2,234,0,0,0,90.4
410,10-09-2011 06:50,912.3,53.24,152,0.6,191,1,129,0.4,0,0,90.4
411,10-09-2011 06:51,912.3,53.24,188,2.2,192,2.4,182,1.9,0,0,90.4
412,10-09-2011 06:52,912.2,53.06,196,2,203,2.5,189,1.7,0,0,90.2
413,10-09-2011 06:53,912.2,52.88,169,1.4,180,1.7,157,1.1,0,0,90.1
414,10-09-2011 06:54,912.2,52.88,113,0.1,192,0.3,333,0,0,0,90.2
415,10-09-2011 06:55,912.2,52.88,10,1.5,19,1.7,3,1.3,0,0,90.3
416,10-09-2011 06:56,912.2,53.06,3,0.7,23,0.9,344,0.5,0,0,90.4
417,10-09-2011 06:57,912.2,53.06,142,0.2,210,0.4,38,0,0,0,90.5
418,10-09-2011 06:58,912.2,53.24,193,1.5,203,2.1,184,0.9,0,0,90.5
419,10-09-2011 06:59,912.2,53.24,215,0.9,263,1.3,183,0.6,0,0,90.4
420,10-09-2011 07:00,912.2,53.24,215,0.5,270,0.7,189,0.3,0,0,90.4
421,10-09-2011 07:01,912.3,53.24,135,0.1,212,0.3,34,0,0,0,90.5
422,10-09-2011 07:02,912.2,53.24,218,1,252,1.6,179,0.6,0,0,90.5
423,10-09-2011 07:03,912.2,53.24,215,1.8,222,2,210,1.6,0,0,90.4
424,10-09-2011 07:04,912.2,53.06,177,2.1,186,2.8,166,1.4,0,0,90.3
425,10-09-2011 07:05,912.2,53.06,184,3,187,3.2,182,2.8,0,0,90.3
426,10-09-2011 07:06,912.2,52.88,181,2.6,185,2.7,178,2.4,0,0,90.2
427,10-09-2011 07:07,912.3,52.7,136,0.3,250,0.5,34,0.1,0,0,90.2
428,10-09-2011 07:08,912.3,52.88,185,0.4,210,0.6,153,0.3,0,0,90.4
429,10-09-2011 07:09,912.2,52.88,199,1.8,207,1.9,191,1.6,0,0,90.5
430,10-09-2011 07:10,912.2,53.06,192,2.5,197,2.7,188,2.4,0,0,90.5
431,10-09-2011 07:11,912.1,53.06,189,1.7,193,1.8,182,1.5,0,0,90.5
432,10-09-2011 07:12,912.1,53.06,72,0.6,83,1,55,0.4,0,0,90.5
433,10-09-2011 07:13,912.2,53.06,48,1.4,72,1.9,30,0.7,0,0,90.6
434,10-09-2011 07:14,912.2,53.24,315,0.4,338,0.7,295,0.1,0,0,90.7
435,10-09-2011 07:15,912.2,53.42,234,0.8,251,1,214,0.6,0,0,90.8
436,10-09-2011 07:16,912.3,53.42,181,2.1,187,2.4,172,1.7,0,0,90.7
437,10-09-2011 07:17,912.2,53.42,187,2,198,2.3,172,1.8,0,0,90.6
438,10-09-2011 07:18,912.2,53.24,164,1.5,178,2,141,1,0,0,90.6
439,10-09-2011 07:19,912.2,53.24,10,1.1,26,1.7,356,0.7,0,0,90.6
440,10-09-2011 07:20,912.2,53.42,6,1.7,16,2,357,1.5,0,0,90.8
441,10-09-2011 07:21,912.2,53.42,184,1.5,202,2.8,157,0.7,0,0,90.7
442,10-09-2011 07:22,912.2,53.42,195,3.3,199,3.6,192,3.1,0,0,90.6
443,10-09-2011 07:23,912.3,53.24,187,2.5,191,2.8,185,2.3,0,0,90.5
444,10-09-2011 07:24,912.3,53.06,165,1.6,178,2,146,1.2,0,0,90.4
445,10-09-2011 07:25,912.3,53.06,203,0.4,246,0.7,161,0.2,0,0,90.4
446,10-09-2011 07:26,912.2,53.06,205,0.3,258,0.5,100,0.1,0,0,90.5
447,10-09-2011 07:27,912.2,53.24,206,1.1,214,1.6,200,0.5,0,0,90.5
448,10-09-2011 07:28,912.2,53.24,196,2.7,208,3.3,189,2,0,0,90.6
449,10-09-2011 07:29,912.2,53.24,174,2.6,180,2.9,169,2.3,0,0,90.5
450,10-09-2011 07:30,912.1,53.24,165,1.1,179,1.6,141,0.8,0,0,90.5
451,10-09-2011 07:31,912.1,53.24,72,1.8,76,1.9,70,1.6,0,0,90.4
452,10-09-2011 07:32,912.1,53.06,32,1.5,55,2.1,8,1,0,0,89.9
453,10-09-2011 07:33,912.1,53.24,9,1.2,26,1.5,4,0.7,0,0,90.2
454,10-09-2011 07:34,912.1,53.42,348,1,355,1.2,341,0.9,0,0,90.1
455,10-09-2011 07:35,912.2,53.42,205,1.3,220,1.5,184,1,0,0,90.2
456,10-09-2011 07:36,912.2,53.6,220,1.5,232,1.8,197,1.2,0,0,90.2
457,10-09-2011 07:37,912.2,53.6,285,0.6,298,0.9,277,0.2,0,0,90.1
458,10-09-2011 07:38,912.2,53.78,348,1.2,2,1.4,332,1,0,0,90.2
459,10-09-2011 07:39,912.2,53.78,18,1.3,36,1.8,358,0.8,0,0,90.2
460,10-09-2011 07:40,912.2,53.96,199,0.2,298,0.5,109,0.1,0,0,90.3
461,10-09-2011 07:41,912.3,53.96,178,2.2,180,2.5,173,2,0,0,90.2
462,10-09-2011 07:42,912.2,53.78,221,0.7,237,0.9,170,0.3,0,0,90
463,10-09-2011 07:43,912.2,53.78,316,0.5,23,1.1,232,0.2,0,0,89.9
464,10-09-2011 07:44,912.2,53.78,299,0.1,67,0.3,210,0,0,0,89.9
465,10-09-2011 07:45,912.2,53.96,199,1.3,209,1.5,190,1.1,0,0,90
466,10-09-2011 07:46,912.2,53.96,183,1,199,1.4,161,0.8,0,0,90
467,10-09-2011 07:47,912.2,53.96,178,1,190,1.2,163,0.6,0,0,90.1
468,10-09-2011 07:48,912.1,53.96,171,1,186,1.1,149,0.8,0,0,89.9
469,10-09-2011 07:49,912.1,53.96,143,0.4,195,0.7,111,0.2,0,0,89.9
470,10-09-2011 07:50,912.1,53.96,186,1.1,197,1.4,178,0.9,0,0,89.8
471,10-09-2011 07:51,912.1,53.96,183,1.7,197,2.1,165,1.1,0,0,89.9
472,10-09-2011 07:52,912.2,54.14,50,1.3,79,1.8,32,0.5,0,0,90
473,10-09-2011 07:53,912.2,54.32,39,0.7,51,1.3,27,0.3,0,0,90
474,10-09-2011 07:54,912.2,54.32,29,0.3,99,0.5,277,0.1,0,0,90
475,10-09-2011 07:55,912.2,54.5,347,0.3,14,0.5,325,0.2,0,0,90
476,10-09-2011 07:56,912.2,54.5,34,0.5,82,0.7,315,0.3,0,0,90
477,10-09-2011 07:57,912.2,54.5,338,0.2,16,0.4,238,0.1,0,0,89.9
478,10-09-2011 07:58,912.3,54.5,74,1.2,99,1.6,48,0.8,0,0,89.7
479,10-09-2011 07:59,912.3,54.5,140,0.8,166,1.2,110,0.3,0,0,89.6
480,10-09-2011 08:00,912.2,54.32,209,1.2,229,1.8,176,0.6,0,0,89.5
481,10-09-2011 08:01,912.1,54.32,226,0.6,249,0.9,213,0.3,0,0,89.4
482,10-09-2011 08:02,912.2,54.32,115,0.4,147,0.6,94,0.3,0,0,89.4
483,10-09-2011 08:03,912.3,54.5,16,0.5,50,0.7,345,0.3,0,0,89.6
484,10-09-2011 08:04,912.2,54.68,338,0.5,58,0.9,309,0.2,0,0,89.7
485,10-09-2011 08:05,912.3,54.68,188,0.4,218,0.7,162,0.1,0,0,89.7
486,10-09-2011 08:06,912.3,54.86,161,0.2,196,0.3,86,0.1,0,0,89.8
487,10-09-2011 08:07,912.3,54.86,179,1.5,184,2.1,167,0.9,0,0,89.6
488,10-09-2011 08:08,912.3,54.68,186,1.9,188,2.1,180,1.6,0,0,89.2
489,10-09-2011 08:09,912.3,54.32,191,2.1,197,2.3,189,1.9,0,0,88.8
490,10-09-2011 08:10,912.3,54.14,174,1.1,197,1.3,117,0.8,0,0,88.7
491,10-09-2011 08:11,912.2,54.32,9,1.1,37,1.3,350,0.8,0,0,89.1
492,10-09-2011 08:12,912.2,54.5,22,1.3,27,1.7,17,1,0,0,89.2
493,10-09-2011 08:13,912.3,54.68,179,1.1,207,1.9,142,0.4,0,0,89.4
494,10-09-2011 08:14,912.3,54.86,195,3,201,3.4,190,2.6,0,0,89.2
495,10-09-2011 08:15,912.4,54.32,176,2.3,185,2.8,166,1.3,0,0,88.6
496,10-09-2011 08:16,912.4,54.32,103,0.2,192,0.4,31,0.1,0,0,88.7
497,10-09-2011 08:17,912.3,54.5,169,0.2,281,0.3,47,0.1,0,0,88.9
498,10-09-2011 08:18,912.3,54.68,206,0.9,218,1.1,188,0.8,0,0,89.1
499,10-09-2011 08:19,912.4,54.68,166,1.5,175,1.7,139,1.2,0,0,88.9
500,10-09-2011 08:20,912.4,54.5,207,1.5,215,1.7,198,1.3,0,0,88.7
501,10-09-2011 08:21,912.4,54.32,176,2.1,189,2.5,161,1.7,0,0,88.6
502,10-09-2011 08:22,912.4,54.14,133,0.3,202,0.5,84,0.1,0,0,88.5
503,10-09-2011 08:23,912.4,54.32,204,0.7,227,1,193,0.4,0,0,88.8
504,10-09-2011 08:24,912.3,54.32,198,1.4,205,1.7,190,1.2,0,0,88.5
505,10-09-2011 08:25,912.4,54.14,213,1,220,1.2,205,0.8,0,0,88.2
506,10-09-2011 08:26,912.4,53.96,181,2.5,185,2.7,177,2.2,0,0,88.3
507,10-09-2011 08:27,912.4,53.96,226,1.1,234,1.5,219,0.8,0,0,88.2
508,10-09-2011 08:28,912.4,53.96,216,1.5,223,1.7,210,1.3,0,0,88.4
509,10-09-2011 08:29,912.4,53.96,209,0.4,280,0.9,145,0.1,0,0,88.6
510,10-09-2011 08:30,912.4,54.14,106,0.5,136,0.9,64,0.1,0,0,88.8
511,10-09-2011 08:31,912.4,54.32,182,1.2,185,1.5,178,1.1,0,0,88.8
512,10-09-2011 08:32,912.4,54.14,204,0.9,215,1.2,186,0.6,0,0,88.7
513,10-09-2011 08:33,912.4,54.32,191,1.9,197,2.2,185,1.7,0,0,88.9
514,10-09-2011 08:34,912.4,54.32,173,1.7,179,2,163,1.3,0,0,88.8
515,10-09-2011 08:35,912.4,54.32,193,0.7,201,1,167,0.3,0,0,88.9
516,10-09-2011 08:36,912.4,54.5,49,0.6,118,1.1,359,0.3,0,0,89.1
517,10-09-2011 08:37,912.4,54.86,2,0.6,63,1.2,277,0.4,0,0,89.4
518,10-09-2011 08:38,912.4,55.04,237,0.5,300,0.8,201,0.3,0,0,89.3
519,10-09-2011 08:39,912.5,55.04,187,1.2,198,1.5,169,1,0,0,89
520,10-09-2011 08:40,912.5,55.04,299,0.6,349,0.9,261,0.2,0,0,88.8
521,10-09-2011 08:41,912.5,55.04,63,0.6,103,1.1,31,0.2,0,0,88.8
522,10-09-2011 08:42,912.4,55.4,6,0.5,162,0.8,292,0.1,0,0,88.9
523,10-09-2011 08:43,912.4,55.58,198,2.2,209,2.8,186,1.7,0,0,88.6
524,10-09-2011 08:44,912.5,55.22,185,2.5,188,2.8,180,2.1,0,0,87.7
525,10-09-2011 08:45,912.5,54.86,195,1.6,209,1.9,182,1.3,0,0,87
526,10-09-2011 08:46,912.4,54.68,212,1.5,218,1.9,208,1.1,0,0,86.9
527,10-09-2011 08:47,912.4,54.5,195,1.9,202,2.4,184,1.5,0,0,86.9
528,10-09-2011 08:48,912.5,54.5,212,0.8,225,1.5,186,0.2,0,0,87
529,10-09-2011 08:49,912.5,54.5,229,1.3,237,1.6,222,1,0,0,87.3
530,10-09-2011 08:50,912.5,54.5,183,1.4,221,1.9,167,0.5,0,0,87.2
531,10-09-2011 08:51,912.5,54.68,296,0.8,308,1.1,290,0.6,0,0,87.1
532,10-09-2011 08:52,912.6,54.68,39,0.4,101,0.9,318,0.1,0,0,87.2
533,10-09-2011 08:53,912.6,54.86,264,0.4,294,0.7,197,0.1,0,0,87.7
534,10-09-2011 08:54,912.6,55.22,302,0.8,319,1,292,0.6,0,0,87.7
535,10-09-2011 08:55,912.5,55.4,34,1.4,47,1.7,21,1,0,0,87.5
536,10-09-2011 08:56,912.6,55.4,212,0.8,239,1.2,197,0.3,0,0,87.3
537,10-09-2011 08:57,912.6,55.58,214,2.2,224,2.4,203,1.8,0,0,87.1
538,10-09-2011 08:58,912.6,55.4,185,1.6,213,2.2,169,0.9,0,0,86.1
539,10-09-2011 08:59,912.5,55.04,91,0.2,175,0.6,357,0,0,0,85.9
540,10-09-2011 09:00,912.5,55.22,61,2,71,2.3,44,1.4,0,0,86.3
541,10-09-2011 09:01,912.5,55.4,58,1.5,63,1.7,47,1.1,0,0,86.4
542,10-09-2011 09:02,912.6,55.76,175,0.8,201,1.4,165,0.3,0,0,86.2
543,10-09-2011 09:03,912.6,55.94,174,1.7,185,2.1,152,1.4,0,0,85.3
544,10-09-2011 09:04,912.6,55.58,186,1.8,195,2.3,179,1.5,0,0,84.6
545,10-09-2011 09:05,912.6,55.4,189,2.2,201,2.9,177,1.8,0,0,84.4
546,10-09-2011 09:06,912.6,55.22,209,1,214,1.5,204,0.6,0,0,84.5
547,10-09-2011 09:07,912.6,55.04,164,1.9,174,2.1,155,1.6,0,0,85.2
548,10-09-2011 09:08,912.6,55.4,144,0.6,244,1.6,78,0.2,0,0,85.8
549,10-09-2011 09:09,912.6,55.58,196,2.2,206,2.4,188,2,0,0,85.2
550,10-09-2011 09:10,912.6,55.4,173,2.6,183,2.9,163,2.3,0,0,84.6
